tags;date;manip;experimentType;drug;concentration;substrate;microscope;objective magnification;scale pixel per um;objective immersion;optical index correction;magnetic field correction;cell type;cell subtype;inside bead type;inside bead diameter;inside bead magnetization correction;inside bead coating;outside bead type;outside bead diameter;outside bead magnetization correction;outside bead coating;beads bright spot delta;normal field;ramp field;compression duration;with fluo images;normal field multi images;multi image Z step;multi image Z direction;loop structure;comments
;01-01-01;DEFAULT;DEFAULT;DEFAULT;0.0;DEFAULT;labview;100X;15.8;oil;0.875;1.0;DEFAULT;DEFAULT;M450;4500;1.0;complete culture medium;M450;4500;1.0;complete culture medium;0;5;3_40;1s;False;3;500;upward;143_95	;
Valentin. DC. CellTypes;18-08-28;M1;compressions;dmso;0.0;BSA coated glass;old-labview;100X;15.8;oil;0.875;1.0;DC;mouse-primary;M450-2020;4453;1.05;complete culture medium;M450-2020;4453;1.05;complete culture medium;0;8;8_80;1s;False;3;200;upward;179_95;
Valentin. DC. CellTypes;18-08-28;M2;compressions;dmso;0.0;BSA coated glass;old-labview;100X;15.8;oil;0.875;1.0;DC;mouse-primary;M450-2020;4453;1.05;complete culture medium;M450-2020;4453;1.05;complete culture medium;0;8;8_80;1s;False;3;200;upward;179_95;
Valentin. DC. CellTypes;18-09-24;M1;compressions;CK666;0.0;BSA coated glass;old-labview;100X;15.8;oil;0.875;1.0;DC;mouse-primary;M450-2020;4453;1.05;complete culture medium;M450-2020;4453;1.05;complete culture medium;0;8;8_80;1s;False;3;200;upward;179_95;
Valentin. DC. CellTypes;18-09-24;M2;compressions;dmso;0.0;BSA coated glass;old-labview;100X;15.8;oil;0.875;1.0;DC;mouse-primary;M450-2020;4453;1.05;complete culture medium;M450-2020;4453;1.05;complete culture medium;0;8;8_80;1s;False;3;200;upward;179_95;
Valentin. DC. CellTypes;18-09-24;M3;compressions;smifh2;0.0;BSA coated glass;old-labview;100X;15.8;oil;0.875;1.0;DC;mouse-primary;M450-2020;4453;1.05;complete culture medium;M450-2020;4453;1.05;complete culture medium;0;8;8_80;1s;False;3;200;upward;179_95;
Valentin. DC. CellTypes;18-09-25;M1;compressions;latrunculinA;0.0;BSA coated glass;old-labview;100X;15.8;oil;0.875;1.0;DC;mouse-primary;M450-2020;4453;1.05;complete culture medium;M450-2020;4453;1.05;complete culture medium;0;8;8_80;1s;False;3;200;upward;179_95;
Valentin. DC. CellTypes;18-09-25;M2;compressions;smih2;0.0;BSA coated glass;old-labview;100X;15.8;oil;0.875;1.0;DC;mouse-primary;M450-2020;4453;1.05;complete culture medium;M450-2020;4453;1.05;complete culture medium;0;8;8_80;1s;False;3;200;upward;179_95;
Valentin. DC. CellTypes;18-09-25;M3;compressions;dmso;0.0;BSA coated glass;old-labview;100X;15.8;oil;0.875;1.0;DC;mouse-primary;M450-2020;4453;1.05;complete culture medium;M450-2020;4453;1.05;complete culture medium;0;8;8_80;1s;False;3;200;upward;179_95;
Valentin. DC. CellTypes;18-09-25;M4;compressions;CK666;0.0;BSA coated glass;old-labview;100X;15.8;oil;0.875;1.0;DC;mouse-primary;M450-2020;4453;1.05;complete culture medium;M450-2020;4453;1.05;complete culture medium;0;8;8_80;1s;False;3;200;upward;179_95;
Valentin. DC. CellTypes;18-10-30;M2;compressions;blebbistatin;0.0;BSA coated glass;old-labview;100X;15.8;oil;0.875;1.0;DC;mouse-primary;M450-2020;4453;1.05;complete culture medium;M450-2020;4453;1.05;complete culture medium;0;8;8_80;1s;False;3;200;upward;179_95;
Valentin. DC. CellTypes;18-10-30;M3;compressions;calA;0.0;BSA coated glass;old-labview;100X;15.8;oil;0.875;1.0;DC;mouse-primary;M450-2020;4453;1.05;complete culture medium;M450-2020;4453;1.05;complete culture medium;0;8;8_80;1s;False;3;200;upward;179_95;
Valentin. DC. CellTypes;18-10-30;M4;compressions;dmso;0.0;BSA coated glass;old-labview;100X;15.8;oil;0.875;1.0;DC;mouse-primary;M450-2020;4453;1.05;complete culture medium;M450-2020;4453;1.05;complete culture medium;0;8;8_80;1s;False;3;200;upward;179_95;
Valentin. DC. CellTypes;18-12-12;M1;compressions;dmso;0.0;BSA coated glass;old-labview;100X;15.8;oil;0.875;1.0;DC;mouse-primary;M450-2020;4453;1.05;complete culture medium;M450-2020;4453;1.05;complete culture medium;0;8;8_80;1s;False;3;200;upward;179_95;
Valentin. Dicty. CellTypes;20-09-23;M1;compressions;none;0.0;BSA coated glass;old-labview;100X;15.8;oil;0.875;1.0;Dicty;DictyBase-WT;M450-2020;4453;1.05;complete culture medium;M450-2020;4453;1.05;complete culture medium;0;5;3_40;1s;False;3;500;upward;167_95;
Valentin. Dicty. CellTypes;20-09-25;M3;compressions;none;0.0;BSA coated glass;old-labview;100X;15.8;oil;0.875;1.0;Dicty;DictyBase-WT;M450-2020;4453;1.05;complete culture medium;M450-2020;4453;1.05;complete culture medium;0;5;3_40;1s;False;3;500;upward;167_95;
Valentin. Dicty. CellTypes;20-10-06;M3;compressions;none;0.0;BSA coated glass;old-labview;100X;15.8;oil;0.875;1.0;Dicty;DictyBase-WT;M450-2020;4453;1.05;complete culture medium;M450-2020;4453;1.05;complete culture medium;0;5;3_40;1s;False;3;500;upward;167_95;
Valentin. Dicty. CellTypes;20-10-08;M3;compressions;none;0.0;BSA coated glass;old-labview;100X;15.8;oil;0.875;1.0;Dicty;DictyBase-WT;M450-2020;4453;1.05;complete culture medium;M450-2020;4453;1.05;complete culture medium;0;5;3_40;1s;False;3;500;upward;167_95;
;20-08-04;M1;compressions and constant field;none;0.0;BSA coated glass;labview;100X;15.8;oil;0.875;1.15;3T3;aSFL-A11;M450-2022;4503;1.05;complete culture medium;M450-2022;4503;1.05;complete culture medium;0;10;3_40;1s;False;3;500;upward;143_95;
;20-08-04;M2;compressions and constant field;doxycyclin;0.0;BSA coated glass;labview;100X;15.8;oil;0.875;1.15;3T3;aSFL-A11;M450-2022;4503;1.05;complete culture medium;M450-2022;4503;1.05;complete culture medium;0;10;3_40;1s;False;3;500;upward;143_95;
;20-08-05;M1;compressions and constant field;doxycyclin;0.0;BSA coated glass;labview;100X;15.8;oil;0.875;1.15;3T3;aSFL-A11;M450-2022;4503;1.05;complete culture medium;M450-2022;4503;1.05;complete culture medium;0;10;3_40;1s;False;3;500;upward;143_95;
;20-08-05;M2;compressions and constant field;none;0.0;BSA coated glass;labview;100X;15.8;oil;0.875;1.15;3T3;aSFL-A11;M450-2022;4503;1.05;complete culture medium;M450-2022;4503;1.05;complete culture medium;0;10;3_40;1s;False;3;500;upward;143_95;
;20-08-07;M1;compressions and constant field;doxycyclin;0.0;BSA coated glass;labview;100X;15.8;oil;0.875;1.15;3T3;aSFL-A11;M450-2022;4503;1.05;complete culture medium;M450-2022;4503;1.05;complete culture medium;0;10;3_40;1s;False;3;500;upward;143_95;
;20-08-07;M2;compressions and constant field;none;0.0;BSA coated glass;labview;100X;15.8;oil;0.875;1.15;3T3;aSFL-A11;M450-2022;4503;1.05;complete culture medium;M450-2022;4503;1.05;complete culture medium;0;10;3_40;1s;False;3;500;upward;143_95;
MCA1. StandardLinkerCellLine. ;21-01-18;M1-1;compressions;doxycyclin;0.0;20um fibronectin discs;labview;100X;15.8;oil;0.875;1.23;3T3;aSFL-A11;M450-2022;4503;1.05;complete culture medium;M450-2022;4503;1.05;complete culture medium;0;5;3_40;1s;False;3;500;upward;169_133;
MCA1. StandardLinkerCellLine. ;21-01-18;M1-2;compressions;doxycyclin;0.0;20um fibronectin discs;labview;100X;15.8;oil;0.875;1.23;3T3;aSFL-A11;M450-2022;4503;1.05;complete culture medium;M450-2022;4503;1.05;complete culture medium;0;5;3_40;1s;True;3;500;upward;169_133;
MCA1. StandardLinkerCellLine. ;21-01-18;M2;compressions;none;0.0;20um fibronectin discs;labview;100X;15.8;oil;0.875;1.23;3T3;aSFL-A11;M450-2022;4503;1.05;complete culture medium;M450-2022;4503;1.05;complete culture medium;0;5;3_40;1s;True;3;500;upward;169_133;
MCA1. StandardLinkerCellLine. ;21-01-18;M3;compressions;doxycyclin;0.0;20um fibronectin discs;labview;100X;15.8;oil;0.875;1.23;3T3;aSFL-A11;M450-2022;4503;1.05;complete culture medium;M450-2022;4503;1.05;complete culture medium;0;5;3_40;1s;True;3;500;upward;169_133;
MCA1. StandardLinkerCellLine. ;21-01-21;M1;compressions;none;0.0;20um fibronectin discs;labview;100X;15.8;oil;0.875;1.23;3T3;aSFL-A11;M450-2022;4503;1.05;complete culture medium;M450-2022;4503;1.05;complete culture medium;0;5;3_40;1s;True;3;500;upward;169_133;
MCA1. StandardLinkerCellLine. ;21-01-21;M2;compressions;doxycyclin;0.0;20um fibronectin discs;labview;100X;15.8;oil;0.875;1.23;3T3;aSFL-A11;M450-2022;4503;1.05;complete culture medium;M450-2022;4503;1.05;complete culture medium;0;5;3_40;1s;True;3;500;upward;169_133;
MCA1. StandardLinkerCellLine. ;21-01-21;M3;compressions;none;0.0;20um fibronectin discs;labview;100X;15.8;oil;0.875;1.23;3T3;aSFL-A11;M450-2022;4503;1.05;complete culture medium;M450-2022;4503;1.05;complete culture medium;0;5;3_40;1s;True;3;500;upward;169_133;
MCA1. StandardLinkerCellLine. ;21-02-10;M1;constant field;none;0.0;20um fibronectin discs;labview;100X;15.8;oil;0.875;1.2;3T3;aSFL-A11;M450-2022;4503;1.05;complete culture medium;M450-2022;4503;1.05;complete culture medium;0;5;;;True;3;500;upward;298_0_1;
MCA1. StandardLinkerCellLine. ;21-02-10;M2;constant field;doxycyclin;0.0;20um fibronectin discs;labview;100X;15.8;oil;0.875;1.2;3T3;aSFL-A11;M450-2022;4503;1.05;complete culture medium;M450-2022;4503;1.05;complete culture medium;0;5;;;True;3;500;upward;298_0_1;
Anumita. ;21-02-15;M1;constant field;none;0.0;diverse fibronectin discs;labview;100X;15.8;oil;0.875;1.1;3T3;aSFL-A11;M450-2022;4503;1.05;complete culture medium;M450-2022;4503;1.05;complete culture medium;0;5;;;False;3;500;upward;352_0;Anumita data
Anumita. ;21-02-15;M2;constant field;none;0.0;diverse fibronectin discs;labview;100X;15.8;oil;0.875;1.1;3T3;aSFL-A11;M450-2022;4503;1.05;complete culture medium;M450-2022;4503;1.05;complete culture medium;0;5;;;False;3;500;upward;90_0;Anumita data
Anumita. ;21-02-15;M3;constant field;none;0.0;diverse fibronectin discs;labview;100X;15.8;oil;0.875;1.1;3T3;aSFL-A11;M450-2022;4503;1.05;complete culture medium;M450-2022;4503;1.05;complete culture medium;0;5;;;False;3;500;upward;90_0;Anumita data
;20-12-16;M1;constant field;none;0.0;20um fibronectin discs;labview;100X;15.8;oil;0.875;1.26;3T3;aSFL-A11;M450-2022;4503;1.05;complete culture medium;M450-2022;4503;1.05;complete culture medium;0;5;;;False;3;500;upward;36;
;20-12-16;M2;constant field;none;0.0;20um fibronectin discs;labview;100X;15.8;oil;0.875;1.26;3T3;aSFL-A11;M450-2022;4503;1.05;complete culture medium;M450-2022;4503;1.05;complete culture medium;0;5;;;False;3;500;upward;36;
MCA1. StandardLinkerCellLine. ;21-03-25;M1;constant field;doxycyclin;0.0;20um fibronectin discs;labview;100X;15.8;oil;0.875;1.12;3T3;aSFL-A11;M450-2022;4503;1.05;complete culture medium;M450-2022;4503;1.05;complete culture medium;0;5;;;True;3;500;upward;298_0_1;
MCA1. StandardLinkerCellLine. ;21-03-25;M2;constant field;none;0.0;20um fibronectin discs;labview;100X;15.8;oil;0.875;1.12;3T3;aSFL-A11;M450-2022;4503;1.05;complete culture medium;M450-2022;4503;1.05;complete culture medium;0;5;;;True;3;500;upward;298_0_1;
MCA1. StandardLinkerCellLine. ;21-04-21;M1;constant field;none;0.0;20um fibronectin discs;labview;100X;15.8;oil;0.875;1.15;3T3;aSFL-A11;M450-2022;4503;1.05;complete culture medium;M450-2022;4503;1.05;complete culture medium;0;5;;;True;3;500;upward;298_0_1;
MCA1. StandardLinkerCellLine. ;21-04-21;M2;constant field;doxycyclin;0.0;20um fibronectin discs;labview;100X;15.8;oil;0.875;1.15;3T3;aSFL-A11;M450-2022;4503;1.05;complete culture medium;M450-2022;4503;1.05;complete culture medium;0;5;;;True;3;500;upward;298_0_1;
MCA1. StandardLinkerCellLine. ;21-04-23;M1;constant field;doxycyclin;0.0;20um fibronectin discs;labview;100X;15.8;oil;0.875;1.15;3T3;aSFL-A11;M450-2022;4503;1.05;complete culture medium;M450-2022;4503;1.05;complete culture medium;0;5;;;True;3;500;upward;298_0_1;
MCA1. StandardLinkerCellLine. ;21-04-23;M2;constant field;none;0.0;20um fibronectin discs;labview;100X;15.8;oil;0.875;1.15;3T3;aSFL-A11;M450-2022;4503;1.05;complete culture medium;M450-2022;4503;1.05;complete culture medium;0;5;;;True;3;500;upward;298_0_1;
MCA1. LongLinkerCellLine. ;21-04-27;M1;compressions;none;0.0;20um fibronectin discs;labview;100X;15.8;oil;0.875;1.15;3T3;aSFL-E4;M450-2022;4503;1.05;complete culture medium;M450-2022;4503;1.05;complete culture medium;0;5;3_40;1s;True;3;500;upward;169_133;
MCA1. LongLinkerCellLine. ;21-04-27;M2;compressions;doxycyclin;0.0;20um fibronectin discs;labview;100X;15.8;oil;0.875;1.15;3T3;aSFL-E4;M450-2022;4503;1.05;complete culture medium;M450-2022;4503;1.05;complete culture medium;0;5;3_40;1s;True;3;500;upward;169_133;
MCA1. LongLinkerCellLine. ;21-04-28;M1;compressions;doxycyclin;0.0;20um fibronectin discs;labview;100X;15.8;oil;0.875;1.15;3T3;aSFL-E4;M450-2022;4503;1.05;complete culture medium;M450-2022;4503;1.05;complete culture medium;0;5;3_40;1s;False;3;500;upward;169_133;fluo images taken separetely
MCA1. LongLinkerCellLine. ;21-04-28;M2;compressions;none;0.0;20um fibronectin discs;labview;100X;15.8;oil;0.875;1.15;3T3;aSFL-E4;M450-2022;4503;1.05;complete culture medium;M450-2022;4503;1.05;complete culture medium;0;5;3_40;1s;False;3;500;upward;169_133;no fluo images taken
MCA1. HighExpressorCellLine. ;21-06-16;M1;compressions;none;0.0;20um fibronectin discs;labview;100X;15.8;oil;0.875;1.1;3T3;aSFL-A8;M450-2022;4503;1.05;complete culture medium;M450-2022;4503;1.05;complete culture medium;0;5;3_40;1s;True;3;500;upward;169_133;
MCA1. HighExpressorCellLine. ;21-06-16;M2;compressions;doxycyclin;0.0;20um fibronectin discs;labview;100X;15.8;oil;0.875;1.1;3T3;aSFL-A8;M450-2022;4503;1.05;complete culture medium;M450-2022;4503;1.05;complete culture medium;0;5;3_40;1s;True;3;500;upward;169_133;
MCA1. HighExpressorCellLine. ;21-06-17;M1;compressions;doxycyclin;0.0;20um fibronectin discs;labview;100X;15.8;oil;0.875;1.1;3T3;aSFL-A8;M450-2022;4503;1.05;complete culture medium;M450-2022;4503;1.05;complete culture medium;0;5;3_40;1s;True;3;500;upward;169_133;
MCA1. HighExpressorCellLine. ;21-06-17;M2;compressions;none;0.0;20um fibronectin discs;labview;100X;15.8;oil;0.875;1.1;3T3;aSFL-A8;M450-2022;4503;1.05;complete culture medium;M450-2022;4503;1.05;complete culture medium;0;5;3_40;1s;True;3;500;upward;169_133;
Asymetric;21-05-21;M1;compressions;none;0.0;20um fibronectin discs;labview;100X;15.8;oil;0.875;1.1;3T3;aSFL-A11;M450-2022;4503;1.05;complete culture medium;M270-2022;2691;1.05;complete culture medium;400;5;3_40;1s;True;3;500;upward;169_133;
Asymetric;21-07-08;M1-1;compressions;none;0.0;20um fibronectin discs;labview;100X;15.8;oil;0.875;1.1;3T3;aSFL-A11;M270-2022;2691;1.05;complete culture medium;M450-2022;4503;1.05;complete culture medium;400;5;3_40;1s;False;3;500;upward;169_133;
Asymetric;21-07-08;M1-2;compressions;none;0.0;20um fibronectin discs;labview;100X;15.8;oil;0.875;1.1;3T3;aSFL-A11;M270-2022;2691;1.05;complete culture medium;M270-2022;2691;1.05;complete culture medium;0;5;3_40;1s;False;3;500;upward;169_133;
Asymetric;21-07-08;M2;compressions;none;0.0;20um fibronectin discs;labview;100X;15.8;oil;0.875;1.1;3T3;aSFL-A11;M270-2022;2691;1.05;complete culture medium;M270-2022;2691;1.05;complete culture medium;0;5;3_40;1s;False;3;500;upward;169_133;
Asymetric;21-07-08;M3;compressions;none;0.0;20um fibronectin discs;labview;100X;15.8;oil;0.875;1.1;3T3;aSFL-A11;M450-2022;4503;1.05;complete culture medium;M270-2022;2691;1.05;complete culture medium;400;5;3_40;1s;False;3;500;upward;169_133;
Asymetric;21-07-08;M4;compressions;none;0.0;20um fibronectin discs;labview;100X;15.8;oil;0.875;1.1;3T3;aSFL-A11;M450-2022;4503;1.05;complete culture medium;M450-2022;4503;1.05;complete culture medium;0;5;3_40;1s;False;3;500;upward;169_133;
MCA2. Drugs. StandardLinkerCellLine. ;21-09-01;M1;compressions;dmso;0.0;20um fibronectin discs;labview;100X;15.8;oil;0.875;1.095;3T3;aSFL-A11;M450-2022;4503;1.05;complete culture medium;M450-2022;4503;1.05;complete culture medium;0;5;3_40;1s;False;3;500;upward;169_133;
MCA2. Drugs. StandardLinkerCellLine. ;21-09-01;M2;compressions;smifh2;0.0;20um fibronectin discs;labview;100X;15.8;oil;0.875;1.11;3T3;aSFL-A11;M450-2022;4503;1.05;complete culture medium;M450-2022;4503;1.05;complete culture medium;0;5;3_40;1s;False;3;500;upward;169_133;
MCA2. Drugs. StandardLinkerCellLine. ;21-09-02;M1;compressions;smifh2;0.0;20um fibronectin discs;labview;100X;15.8;oil;0.875;1.11;3T3;aSFL-A11;M450-2022;4503;1.05;complete culture medium;M450-2022;4503;1.05;complete culture medium;0;5;3_40;1s;False;3;500;upward;169_133;
MCA2. Drugs. StandardLinkerCellLine. ;21-09-02;M2;compressions;dmso;0.0;20um fibronectin discs;labview;100X;15.8;oil;0.875;1.11;3T3;aSFL-A11;M450-2022;4503;1.05;complete culture medium;M450-2022;4503;1.05;complete culture medium;0;5;3_40;1s;False;3;500;upward;169_133;
MCA2. Drugs. StandardLinkerCellLine. ;21-09-02;M3;compressions;smifh2. doxycyclin;0.0;20um fibronectin discs;labview;100X;15.8;oil;0.875;1.11;3T3;aSFL-A11;M450-2022;4503;1.05;complete culture medium;M450-2022;4503;1.05;complete culture medium;0;5;3_40;1s;True;3;500;upward;169_133;
MCA2. Drugs. StandardLinkerCellLine. ;21-09-02;M4;compressions;dmso. doxycyclin;0.0;20um fibronectin discs;labview;100X;15.8;oil;0.875;1.11;3T3;aSFL-A11;M450-2022;4503;1.05;complete culture medium;M450-2022;4503;1.05;complete culture medium;0;5;3_40;1s;True;3;500;upward;169_133;
MCA2. LongLinkerCellLine. ;21-09-08;M1;compressions;doxycyclin;0.0;20um fibronectin discs;labview;100X;15.8;oil;0.875;1.102;3T3;aSFL-F8;M450-2022;4503;1.05;complete culture medium;M450-2022;4503;1.05;complete culture medium;0;5;3_40;1s;False;3;500;upward;169_133;
MCA2. LongLinkerCellLine. ;21-09-08;M2;compressions;none;0.0;20um fibronectin discs;labview;100X;15.8;oil;0.875;1.14;3T3;aSFL-F8;M450-2022;4503;1.05;complete culture medium;M450-2022;4503;1.05;complete culture medium;0;5;3_40;1s;False;3;500;upward;169_133;
MCA2. LongLinkerCellLine. ;21-09-08;M3;compressions;none;0.0;20um fibronectin discs;labview;100X;15.8;oil;0.875;1.112;3T3;aSFL-F8;M450-2022;4503;1.05;complete culture medium;M450-2022;4503;1.05;complete culture medium;0;5;3_40;1s;True;3;500;upward;169_133;
MCA2. LongLinkerCellLine. ;21-09-08;M4;compressions;doxycyclin;0.0;20um fibronectin discs;labview;100X;15.8;oil;0.875;1.112;3T3;aSFL-F8;M450-2022;4503;1.05;complete culture medium;M450-2022;4503;1.05;complete culture medium;0;5;3_40;1s;True;3;500;upward;169_133;
MCA2. HighExpressorCellLine. ;21-09-09;M1;compressions;doxycyclin;0.0;20um fibronectin discs;labview;100X;15.8;oil;0.875;1.15;3T3;aSFL-A8-2;M450-2022;4503;1.05;complete culture medium;M450-2022;4503;1.05;complete culture medium;0;5;3_40;1s;True;3;500;upward;169_133;
MCA2. HighExpressorCellLine. ;21-09-09;M2;compressions;none;0.0;20um fibronectin discs;labview;100X;15.8;oil;0.875;1.154;3T3;aSFL-A8-2;M450-2022;4503;1.05;complete culture medium;M450-2022;4503;1.05;complete culture medium;0;5;3_40;1s;True;3;500;upward;169_133;
BeadSizes;21-10-18;M1;compressions;none;0.0;20um fibronectin discs;labview;100X;15.8;oil;0.875;1.114;3T3;aSFL-A11;M270-2022;2691;1.05;complete culture medium;M270;2691;1.05;complete culture medium;0;5;5_40;1s;False;3;500;upward;169_133;
BeadSizes;21-10-18;M2;compressions;none;0.0;20um fibronectin discs;labview;100X;15.8;oil;0.875;1.1;3T3;aSFL-A11;M450-2022;4503;1.05;complete culture medium;M450;4503;1.05;complete culture medium;0;1;1_10;1s;False;3;500;upward;169_133;
BeadSizes;21-10-25;M1;compressions;none;0.0;20um fibronectin discs;labview;100X;15.8;oil;0.875;1.14;3T3;aSFL-A11;M450-2022;4503;1.05;complete culture medium;M450;4503;1.05;complete culture medium;0;1;1_10;1s;False;3;500;upward;169_133;
BeadSizes;21-10-25;M2;compressions;none;0.0;20um fibronectin discs;labview;100X;15.8;oil;0.875;1.1;3T3;aSFL-A11;M270-2022;2691;1.05;complete culture medium;M270;2691;1.05;complete culture medium;0;5;5_40;1s;False;3;500;upward;169_133;
NonLin;21-12-08;M1;compressions;none;0.0;20um fibronectin discs;labview;100X;15.8;oil;0.875;1.094;3T3;aSFL-A11;M270-2022;2691;1.05;complete culture medium;M270;2691;1.05;complete culture medium;0;14;14_54;1s;False;3;500;upward;169_133;
NonLin;21-12-08;M2;compressions;none;0.0;20um fibronectin discs;labview;100X;15.8;oil;0.875;1.094;3T3;aSFL-A11;M450-2022;4503;1.05;complete culture medium;M450;4503;1.05;complete culture medium;0;5;5_13;1s;False;3;500;upward;169_133;
NonLin;21-12-16;M1;compressions;none;0.0;20um fibronectin discs;labview;100X;15.8;oil;0.875;1.094;3T3;aSFL-A11;M450-2022;4503;1.05;complete culture medium;M450;4503;1.05;complete culture medium;0;5;5_13;1s;False;3;500;upward;169_133;
NonLin;21-12-16;M2;compressions;none;0.0;20um fibronectin discs;labview;100X;15.8;oil;0.875;1.094;3T3;aSFL-A11;M270-2022;2691;1.05;complete culture medium;M270;2691;1.05;complete culture medium;0;14;14_54;1s;False;3;500;upward;169_133;
NonLin;22-01-12;M1;compressionsLowStart;none;0.0;20um fibronectin discs;labview;100X;15.8;oil;0.875;1.1;3T3;aSFL-A11;M270-2022;2691;1.05;complete culture medium;M270;2691;1.05;complete culture medium;0;14;2_54;1s;False;3;500;upward;302_133;
NonLin;22-01-12;M2;compressionsLowStart;none;0.0;20um fibronectin discs;labview;100X;15.8;oil;0.875;1.11;3T3;aSFL-A11;M450-2022;4503;1.05;complete culture medium;M450;4503;1.05;complete culture medium;0;5;1_13;1s;False;3;500;upward;302_133;
NonLin;22-01-12;M4;compressionsLowStart;none;0.0;20um fibronectin discs;labview;100X;15.8;oil;0.875;1.11;3T3;aSFL-A11;M450-2022;4503;1.05;complete culture medium;M450;4503;1.05;complete culture medium;0;5;1_13;1s;False;3;500;upward;302_133;
NonLin;22-02-09;M1;compressionsLowStart;none;0.0;20um fibronectin discs;labview;100X;15.8;oil;0.875;1.08;3T3;aSFL-A11;M450-2022;4503;1.05;complete culture medium;M450;4503;1.05;complete culture medium;0;5;0.5_50;1.5s;False;3;500;upward;436_200;
NonLin;22-02-09;M2;compressionsLowStart;none;0.0;20um fibronectin discs;labview;100X;15.8;oil;0.875;1.062;3T3;aSFL-A11;M450-2022;4503;1.05;complete culture medium;M450;4503;1.05;complete culture medium;0;5;0.5_50;1.5s;False;3;500;upward;436_200;
NonLin;22-02-09;M3;compressionsLowStart;none;0.0;20um fibronectin discs;labview;100X;15.8;oil;0.875;1.04;3T3;aSFL-A11;M450-2022;4503;1.05;complete culture medium;M450;4503;1.05;complete culture medium;0;5;0.5_50;1.5s;False;3;500;upward;436_200;
NonLin;22-03-21;M1;compressionsLowStart;none;0.0;20um fibronectin discs;labview;100X;15.8;oil;0.875;1.034;3T3;aSFL-LG+++;M450-2022;4503;1.05;complete culture medium;M450;4503;1.05;complete culture medium;0;5;0.5_54;1.5s;False;3;500;upward;436_200;
NonLin;22-03-21;M2;compressionsLowStart;none;0.0;20um fibronectin discs;labview;100X;15.8;oil;0.875;1.034;3T3;aSFL-LG+++;M450-2022;4503;1.05;complete culture medium;M450;4503;1.05;complete culture medium;0;5;0.5_54;1.5s;False;3;500;upward;436_200;
Oscillatory. Test.;22-03-21;M3;sinus;none;0.0;20um fibronectin discs;labview;100X;15.8;oil;0.875;1.034;3T3;aSFL-LG+++;M450-2022;4503;1.05;complete culture medium;M450;4503;1.05;complete culture medium;0;;;;False;1;0;upward;0_;test
BrokenRamp. Test. ;22-03-21;M4;brokenRamp;none;0.0;20um fibronectin discs;labview;100X;15.8;oil;0.875;1.034;3T3;aSFL-LG+++;M450-2022;4503;1.05;complete culture medium;M450;4503;1.05;complete culture medium;0;1;1_50;;False;1;0;upward;0_;test
Drugs. Test.;22-03-28;M1;compressionsLowStart;dmso;0.0;20um fibronectin discs;labview;100X;15.8;oil;0.875;1.074;3T3;aSFL-LG+++;M450-2023;4477;1.023;complete culture medium;M450-2023;4477;1.023;complete culture medium;0;5;0.5_50;1.5s;False;3;500;upward;436_200;
Drugs. Test.;22-03-28;M2;compressionsLowStart;blebbistatin;50.0;20um fibronectin discs;labview;100X;15.8;oil;0.875;1.074;3T3;aSFL-LG+++;M450-2023;4477;1.023;complete culture medium;M450-2023;4477;1.023;complete culture medium;0;5;0.5_50;1.5s;False;3;500;upward;436_200;old blebbistatin
Drugs. Test.;22-03-28;M3;compressionsLowStart;latrunculinA;0.5;20um fibronectin discs;labview;100X;15.8;oil;0.875;1.074;3T3;aSFL-LG+++;M450-2023;4477;1.023;complete culture medium;M450-2023;4477;1.023;complete culture medium;0;5;0.5_50;1.5s;False;3;500;upward;436_200;latA may not have worked
Drugs. Test.;22-03-30;M1;compressionsLowStart;blebbistatin;50.0;20um fibronectin discs;labview;100X;15.8;oil;0.875;1.04;3T3;aSFL-LG+++;M450-2023;4477;1.023;complete culture medium;M450-2023;4477;1.023;complete culture medium;0;5;0.5_50;1.5s;False;3;500;upward;436_200;newer blebbistatin
Drugs. Test.;22-03-30;M2;compressionsLowStart;latrunculinA;0.5;20um fibronectin discs;labview;100X;15.8;oil;0.875;1.04;3T3;aSFL-LG+++;M450-2023;4477;1.023;complete culture medium;M450-2023;4477;1.023;complete culture medium;0;5;0.5_50;1.5s;False;3;500;upward;436_200;latA may not have worked
Drugs. Test.;22-03-30;M3;compressionsLowStart;none;0.0;20um fibronectin discs;labview;100X;15.8;oil;0.875;1.048;3T3;aSFL-LG+++;M450-2023;4477;1.023;complete culture medium;M450-2023;4477;1.023;complete culture medium;0;5;0.5_50;1.5s;False;3;500;upward;436_200;
Drugs. Test.;22-03-30;M4;compressionsLowStart;dmso;0.0;20um fibronectin discs;labview;100X;15.8;oil;0.875;1.034;3T3;aSFL-LG+++;M450-2023;4477;1.023;complete culture medium;M450-2023;4477;1.023;complete culture medium;0;5;0.5_50;1.5s;False;3;500;upward;436_200;
Macrophages. Poincloux. ERM ko;22-05-03;M1-1;compressionsLowStart;none;0.0;bare glass;labview;100X;15.8;oil;0.875;0.97;HoxB8-Macro;ctrl;M450-2023;4477;1.023;complete culture medium;M450-2023;4477;1.023;complete culture medium;0;5;1_50;1.5s;False;3;500;upward;436_200;
Macrophages. Poincloux. ERM ko;22-05-03;M1-2;compressionsLowStart;none;0.0;bare glass;labview;100X;15.8;oil;0.875;0.97;HoxB8-Macro;ctrl;M450-2023;4477;1.023;complete culture medium;M450-2023;4477;1.023;complete culture medium;0;5;1_50;1.5s;True;3;500;upward;436_200;
Macrophages. Poincloux. ERM ko;22-05-03;M2;compressionsLowStart;none;0.0;bare glass;labview;100X;15.8;oil;0.875;0.97;HoxB8-Macro;tko;M450-2023;4477;1.023;complete culture medium;M450-2023;4477;1.023;complete culture medium;0;5;1_50;1.5s;True;3;500;upward;436_200;
Macrophages. Poincloux. ERM ko;22-05-03;M3;compressionsLowStart;none;0.0;20um fibronectin discs;labview;100X;15.8;oil;0.875;0.97;HoxB8-Macro;tko;M450-2023;4477;1.023;complete culture medium;M450-2023;4477;1.023;complete culture medium;0;5;1_50;1.5s;True;3;500;upward;436_200;
Macrophages. Poincloux. ERM ko;22-05-03;M4;compressionsLowStart;none;0.0;20um fibronectin discs;labview;100X;15.8;oil;0.875;0.97;HoxB8-Macro;ctrl;M450-2023;4477;1.023;complete culture medium;M450-2023;4477;1.023;complete culture medium;0;5;1_50;1.5s;True;3;500;upward;436_200;
Macrophages. Poincloux. ERM ko;22-05-04;M1;compressionsLowStart;none;0.0;20um fibronectin discs;labview;100X;15.8;oil;0.875;0.992;HoxB8-Macro;ctrl;M450-2023;4477;1.023;complete culture medium;M450-2023;4477;1.023;complete culture medium;0;5;1_50;1.5s;True;3;500;upward;436_200;
Macrophages. Poincloux. ERM ko;22-05-04;M2;compressionsLowStart;none;0.0;20um fibronectin discs;labview;100X;15.8;oil;0.875;0.954;HoxB8-Macro;tko;M450-2023;4477;1.023;complete culture medium;M450-2023;4477;1.023;complete culture medium;0;5;1_50;1.5s;True;3;500;upward;436_200;
Macrophages. Poincloux. ERM ko;22-05-04;M3;compressionsLowStart;none;0.0;bare glass;labview;100X;15.8;oil;0.875;0.96;HoxB8-Macro;tko;M450-2023;4477;1.023;complete culture medium;M450-2023;4477;1.023;complete culture medium;0;5;1_54;1.5s;True;3;500;upward;436_200;
Macrophages. Poincloux. ERM ko;22-05-04;M4;compressionsLowStart;none;0.0;bare glass;labview;100X;15.8;oil;0.875;0.96;HoxB8-Macro;ctrl;M450-2023;4477;1.023;complete culture medium;M450-2023;4477;1.023;complete culture medium;0;5;1_54;1.5s;True;3;500;upward;436_200;
Macrophages. Poincloux. ERM ko;22-05-05;M1;compressionsLowStart;none;0.0;bare glass;labview;100X;15.8;oil;0.875;0.96;HoxB8-Macro;tko;M450-2023;4477;1.023;complete culture medium;M450-2023;4477;1.023;complete culture medium;0;5;1_54;1.5s;True;3;500;upward;436_200;
Macrophages. Poincloux. ERM ko;22-05-05;M2;compressionsLowStart;none;0.0;bare glass;labview;100X;15.8;oil;0.875;0.96;HoxB8-Macro;ctrl;M450-2023;4477;1.023;complete culture medium;M450-2023;4477;1.023;complete culture medium;0;5;1_54;1.5s;True;3;500;upward;436_200;
MCA3. LongLinkerCellLine. ;22-07-15;M1;compressionsLowStart;doxycyclin;0.0;20um fibronectin discs;labview;100X;15.8;oil;0.875;0.94;3T3;aSFL-F8;M450-2023;4477;1.023;complete culture medium;M450-2023;4477;1.023;complete culture medium;0;5;1_54;1.5s;True;3;500;upward;436_200;
MCA3. LongLinkerCellLine. ;22-07-15;M2;compressionsLowStart;none;0.0;20um fibronectin discs;labview;100X;15.8;oil;0.875;0.97;3T3;aSFL-F8;M450-2023;4477;1.023;complete culture medium;M450-2023;4477;1.023;complete culture medium;0;5;1_54;1.5s;True;3;500;upward;436_200;
MCA3. StandardLinkerCellLine. ;22-07-15;M3;compressionsLowStart;doxycyclin;0.0;20um fibronectin discs;labview;100X;15.8;oil;0.875;0.964;3T3;aSFL-A11;M450-2023;4477;1.023;complete culture medium;M450-2023;4477;1.023;complete culture medium;0;5;1_54;1.5s;True;3;500;upward;436_200;
MCA3. StandardLinkerCellLine. ;22-07-15;M4;compressionsLowStart;none;0.0;20um fibronectin discs;labview;100X;15.8;oil;0.875;0.948;3T3;aSFL-A11;M450-2023;4477;1.023;complete culture medium;M450-2023;4477;1.023;complete culture medium;0;5;1_54;1.5s;True;3;500;upward;436_200;
MCA3. StandardLinkerCellLine. ;22-07-20;M1;compressionsLowStart;doxycyclin;0.0;20um fibronectin discs;labview;100X;15.8;oil;0.875;0.98;3T3;aSFL-A11;M450-2023;4477;1.023;complete culture medium;M450-2023;4477;1.023;complete culture medium;0;5;1_54;1.5s;True;3;500;upward;436_200;
MCA3. StandardLinkerCellLine. ;22-07-20;M2;compressionsLowStart;none;0.0;20um fibronectin discs;labview;100X;15.8;oil;0.875;0.992;3T3;aSFL-A11;M450-2023;4477;1.023;complete culture medium;M450-2023;4477;1.023;complete culture medium;0;5;1_54;1.5s;True;3;500;upward;436_200;
MCA3. LongLinkerCellLine. ;22-07-20;M3;compressionsLowStart;doxycyclin;0.0;20um fibronectin discs;labview;100X;15.8;oil;0.875;1.0;3T3;aSFL-E4;M450-2023;4477;1.023;complete culture medium;M450-2023;4477;1.023;complete culture medium;0;5;1_54;1.5s;True;3;500;upward;436_200;
MCA3. LongLinkerCellLine. ;22-07-20;M4;compressionsLowStart;none;0.0;20um fibronectin discs;labview;100X;15.8;oil;0.875;1.0;3T3;aSFL-E4;M450-2023;4477;1.023;complete culture medium;M450-2023;4477;1.023;complete culture medium;0;5;1_54;1.5s;True;3;500;upward;436_200;
MCA3. LongLinkerCellLine. ;22-07-27;M1;compressionsLowStart;none;0.0;20um fibronectin discs;labview;100X;15.8;oil;0.875;0.98;3T3;aSFL-F8;M450-2023;4477;1.023;complete culture medium;M450-2023;4477;1.023;complete culture medium;0;5;1_54;1.5s;True;3;500;upward;436_200;
MCA3. LongLinkerCellLine. ;22-07-27;M2;compressionsLowStart;doxycyclin;0.0;20um fibronectin discs;labview;100X;15.8;oil;0.875;0.95;3T3;aSFL-F8;M450-2023;4477;1.023;complete culture medium;M450-2023;4477;1.023;complete culture medium;0;5;1_54;1.5s;True;3;500;upward;436_200;
MCA3. LongLinkerCellLine. ;22-07-27;M3;compressionsLowStart;none;0.0;20um fibronectin discs;labview;100X;15.8;oil;0.875;0.95;3T3;aSFL-E4;M450-2023;4477;1.023;complete culture medium;M450-2023;4477;1.023;complete culture medium;0;5;1_54;1.5s;True;3;500;upward;436_200;
MCA3. LongLinkerCellLine. ;22-07-27;M4;compressionsLowStart;doxycyclin;0.0;20um fibronectin discs;labview;100X;15.8;oil;0.875;0.96;3T3;aSFL-E4;M450-2023;4477;1.023;complete culture medium;M450-2023;4477;1.023;complete culture medium;0;5;1_54;1.5s;True;3;500;upward;436_200;
Duya. PatternSize.;22-06-10;M1;compressionsLowStart;none;0.0;diverse fibronectin discs;labview;100X;15.8;oil;0.875;0.992;3T3;aSFL-LG+++;M450-2023;4477;1.023;complete culture medium;M450-2023;4477;1.023;complete culture medium;0;5;1_50;1.5s;True;3;500;upward;436_200;
Duya. PatternSize.;22-06-16;M1;compressionsLowStart;none;0.0;diverse fibronectin discs;labview;100X;15.8;oil;0.875;0.98;3T3;aSFL-LG+++;M450-2023;4477;1.023;complete culture medium;M450-2023;4477;1.023;complete culture medium;0;5;1_50;1.5s;True;3;500;upward;436_200;
Duya. PatternSize.;22-07-06;M1;compressionsLowStart;none;0.0;diverse fibronectin discs;labview;100X;15.8;oil;0.875;1.0;3T3;aSFL-LG+++;M450-2023;4477;1.023;complete culture medium;M450-2023;4477;1.023;complete culture medium;0;5;1_50;1.5s;True;3;500;upward;436_200;
Duya. PatternSize.;22-07-06;M2;compressionsLowStart;none;0.0;diverse fibronectin discs;labview;100X;15.8;oil;0.875;0.984;3T3;aSFL-LG+++;M450-2023;4477;1.023;complete culture medium;M450-2023;4477;1.023;complete culture medium;0;5;1_54;1.5s;True;3;500;upward;436_200;
Duya. PatternSize.;22-07-12;M1;compressionsLowStart;none;0.0;diverse fibronectin discs;labview;100X;15.8;oil;0.875;1.02;3T3;aSFL-LG+++;M450-2023;4477;1.023;complete culture medium;M450-2023;4477;1.023;complete culture medium;0;5;1_54;1.5s;True;3;500;upward;436_200;
Duya. PatternSize.;22-07-12;M2;compressionsLowStart;none;0.0;diverse fibronectin discs;labview;100X;15.8;oil;0.875;0.996;3T3;aSFL-LG+++;M450-2023;4477;1.023;complete culture medium;M450-2023;4477;1.023;complete culture medium;0;5;1_54;1.5s;True;3;500;upward;436_200;
Duya. PatternSize.;22-07-22;M1;compressionsLowStart;none;0.0;diverse fibronectin discs;labview;100X;15.8;oil;0.875;1.014;3T3;aSFL-LG+++;M450-2023;4477;1.023;complete culture medium;M450-2023;4477;1.023;complete culture medium;0;5;1_50;1.5s;True;3;500;upward;436_200;
Duya. PatternSize.;22-07-29;M1;compressionsLowStart;none;0.0;diverse fibronectin discs;labview;100X;15.8;oil;0.875;0.98;3T3;aSFL-LG+++;M450-2023;4477;1.023;complete culture medium;M450-2023;4477;1.023;complete culture medium;0;5;1_50;1.5s;True;3;500;upward;436_200;maybe incorrect B corr
Duya. PatternSize.;22-08-24;M1;compressionsLowStart;none;0.0;diverse fibronectin discs;labview;100X;15.8;oil;0.875;0.98;3T3;aSFL-LG+++;M450-2023;4477;1.023;complete culture medium;M450-2023;4477;1.023;complete culture medium;0;5;1_54;1.5s;True;3;500;upward;436_200;maybe incorrect B corr
Duya. PatternSize.;22-08-24;M2;compressionsLowStart;none;0.0;diverse fibronectin discs;labview;100X;15.8;oil;0.875;0.98;3T3;aSFL-LG+++;M450-2023;4477;1.023;complete culture medium;M450-2023;4477;1.023;complete culture medium;0;5;1_54;1.5s;True;3;500;upward;436_200;maybe incorrect B corr
Duya. PatternSize.;22-08-24;M3;compressionsLowStart;none;0.0;diverse fibronectin discs;labview;100X;15.8;oil;0.875;0.98;3T3;aSFL-LG+++;M450-2023;4477;1.023;complete culture medium;M450-2023;4477;1.023;complete culture medium;0;5;1_54;1.5s;True;3;500;upward;436_200;maybe incorrect B corr
Duya. PatternSize.;22-08-24;M4;compressionsLowStart;none;0.0;diverse fibronectin discs;labview;100X;15.8;oil;0.875;0.98;3T3;aSFL-LG+++;M450-2023;4477;1.023;complete culture medium;M450-2023;4477;1.023;complete culture medium;0;5;1_54;1.5s;True;3;500;upward;436_200;maybe incorrect B corr
Drugs. Test.;22-11-23;M1;compressionsLowStart;dmso;0.0;20um fibronectin discs;labview;100X;15.8;oil;0.875;0.995;3T3;aSFL-LG+++;M450-2023;4477;1.023;complete culture medium;M450-2023;4477;1.023;complete culture medium;0;5;1_40;1.5s;True;3;500;upward;436_200;
Drugs. Test.;22-11-23;M2;compressionsLowStart;latrunculinA;2.5;20um fibronectin discs;labview;100X;15.8;oil;0.875;0.995;3T3;aSFL-LG+++;M450-2023;4477;1.023;complete culture medium;M450-2023;4477;1.023;complete culture medium;0;5;1_40;1.5s;True;3;500;upward;436_200;
Drugs. Test.;22-11-23;M3;compressionsLowStart;dmso;0.0;20um fibronectin discs;labview;100X;15.8;oil;0.875;0.96;3T3;aSFL-LG+++;M450-2023;4477;1.023;complete culture medium;M450-2023;4477;1.023;complete culture medium;0;5;1_40;1.5s;True;3;500;upward;436_200;
Drugs. 3T3-Atcc-2023;23-02-16;M1;compressionsLowStart;dmso;0.0;20um fibronectin discs;labview;100X;15.8;oil;0.875;0.94;3T3;Atcc-2023;M450-2023;4477;1.023;fibronectin;M450-Strept;4506;1.056;PEG-biotin;0;5;2.5_50;1.5s;False;3;500;upward;436_200;PEG-beads out. fibro-beads in
Drugs. 3T3-Atcc-2023;23-02-16;M2;compressionsLowStart;blebbistatin;50.0;20um fibronectin discs;labview;100X;15.8;oil;0.875;0.95;3T3;Atcc-2023;M450-2023;4477;1.023;fibronectin;M450-Strept;4506;1.056;PEG-biotin;0;5;2.5_50;1.5s;False;3;500;upward;436_200	;PEG-beads out. fibro-beads in
Drugs. 3T3-Atcc-2023;23-02-23;M1;compressionsLowStart;none;0.0;20um fibronectin discs;labview;100X;15.8;oil;0.875;0.99;3T3;Atcc-2023;M450-2023;4477;1.023;fibronectin;M450-Strept;4506;1.056;PEG-biotin;0;5;2.5_50;1.5s;False;3;500;upward;436_200;PEG-beads out. fibro-beads in
Drugs. 3T3-Atcc-2023;23-02-23;M2;compressionsLowStart;PNB;250.0;20um fibronectin discs;labview;100X;15.8;oil;0.875;1.066;3T3;Atcc-2023;M450-2023;4477;1.023;fibronectin;M450-Strept;4506;1.056;PEG-biotin;0;5;2.5_50;1.5s;False;3;500;upward;436_200;PEG-beads out. fibro-beads in
Drugs. 3T3-Atcc-2023;23-02-23;M3;compressionsLowStart;dmso;0.0;20um fibronectin discs;labview;100X;15.8;oil;0.875;0.95;3T3;Atcc-2023;M450-2023;4477;1.023;fibronectin;M450-Strept;4506;1.056;PEG-biotin;0;5;2.5_50;1.5s;False;3;500;upward;436_200;PEG-beads out. fibro-beads in
Drugs. 3T3-Atcc-2023;23-02-23;M4;compressionsLowStart;PNB;50.0;20um fibronectin discs;labview;100X;15.8;oil;0.875;0.97;3T3;Atcc-2023;M450-2023;4477;1.023;fibronectin;M450-Strept;4506;1.056;PEG-biotin;0;5;2.5_50;1.5s;False;3;500;upward;436_200;PEG-beads out. fibro-beads in
Drugs. 3T3-Atcc-2023;23-03-08;M1;compressionsLowStart;Y27;50.0;20um fibronectin discs;labview;100X;15.8;oil;0.875;0.98;3T3;Atcc-2023;M450-2023;4477;1.023;fibronectin;M450-Strept;4506;1.056;PEG-biotin;0;5;2.5_50;1.5s;False;3;500;upward;436_200;PEG-beads out. fibro-beads in
Drugs. 3T3-Atcc-2023;23-03-08;M2;compressionsLowStart;Y27;10.0;20um fibronectin discs;labview;100X;15.8;oil;0.875;0.95;3T3;Atcc-2023;M450-2023;4477;1.023;fibronectin;M450-Strept;4506;1.056;PEG-biotin;0;5;2.5_50;1.5s;False;3;500;upward;436_200;PEG-beads out. fibro-beads in
Drugs. 3T3-Atcc-2023;23-03-08;M3;compressionsLowStart;none;0.0;20um fibronectin discs;labview;100X;15.8;oil;0.875;0.96;3T3;Atcc-2023;M450-2023;4477;1.023;fibronectin;M450-Strept;4506;1.056;PEG-biotin;0;5;2.5_50;1.5s;False;3;500;upward;436_200;PEG-beads out. fibro-beads in. Glass bottom broken after C7
Drugs. 3T3-Atcc-2023;23-03-09;M4;compressionsLowStart;none;0.0;20um fibronectin discs;labview;100X;15.8;oil;0.875;0.99;3T3;Atcc-2023;M450-2023;4477;1.023;fibronectin;M450-Strept;4506;1.056;PEG-biotin;0;5;2.5_50;1.5s;False;3;500;upward;436_200	;PEG-beads out. fibro-beads in. Same box batch as the day before. intended to complete M3 (control)
Drugs. 3T3-Atcc-2023;23-03-09;M5;compressionsLowStart;none;0.0;15um fibronectin discs;labview;100X;15.8;oil;0.875;0.99;3T3;Atcc-2023;M450-2023;4477;1.023;fibronectin;M450-Strept;4506;1.056;PEG-biotin;0;5;2.5_50;1.5s;False;3;500;upward;436_200;PEG-beads out. fibro-beads in. Same dish as M4
Drugs. 3T3-Atcc-2023;23-03-09;M6;compressionsLowStart;none;0.0;25um fibronectin discs;labview;100X;15.8;oil;0.875;0.99;3T3;Atcc-2023;M450-2023;4477;1.023;fibronectin;M450-Strept;4506;1.056;PEG-biotin;0;5;2.5_50;1.5s;False;3;500;upward;436_200;PEG-beads out. fibro-beads in. Same dish as M4
Drugs. 3T3-Atcc-2023;23-03-16;M1;compressionsLowStart;dmso;0.0;20um fibronectin discs;labview;100X;15.8;oil;0.875;0.995;3T3;Atcc-2023;M450-2023;4477;1.023;fibronectin;M450-Strept;4506;1.056;PEG-biotin;0;5;2.5_50;1.5s;False;3;500;upward;436_200;PEG-beads out. fibro-beads in.
Drugs. 3T3-Atcc-2023;23-03-16;M2;compressionsLowStart;blebbistatin;50.0;20um fibronectin discs;labview;100X;15.8;oil;0.875;0.994;3T3;Atcc-2023;M450-2023;4477;1.023;fibronectin;M450-Strept;4506;1.056;PEG-biotin;0;5;2.5_50;1.5s;False;3;500;upward;436_200;PEG-beads out. fibro-beads in.
Drugs. 3T3-Atcc-2023;23-03-17;M3;compressionsLowStart;blebbistatin;10.0;20um fibronectin discs;labview;100X;15.8;oil;0.875;0.95;3T3;Atcc-2023;M450-2023;4477;1.023;fibronectin;M450-Strept;4506;1.056;PEG-biotin;0;5;2.5_50;1.5s;False;3;500;upward;436_200;PEG-beads out. fibro-beads in. Same box batch as the day before.
Drugs. 3T3-Atcc-2023;23-03-17;M4;compressionsLowStart;dmso;0.0;20um fibronectin discs;labview;100X;15.8;oil;0.875;0.99;3T3;Atcc-2023;M450-2023;4477;1.023;fibronectin;M450-Strept;4506;1.056;PEG-biotin;0;5;2.5_50;1.5s;False;3;500;upward;436_200;PEG-beads out. fibro-beads in. Same box batch as the day before.
Drugs. 3T3-Atcc-2023;23-04-20;M1;compressionsLowStart;dmso;0.0;20um fibronectin discs;labview;100X;15.8;oil;0.875;1.025;3T3;Atcc-2023;M450-2023;4477;1.023;fibronectin;M450-Strept;4506;1.056;PEG-biotin;0;5;2.5_50;1.5s;False;3;500;upward;436_200;PEG-beads out. fibro-beads in.
Drugs. 3T3-Atcc-2023;23-04-20;M2;compressionsLowStart;blebbistatin;250.0;20um fibronectin discs;labview;100X;15.8;oil;0.875;1.025;3T3;Atcc-2023;M450-2023;4477;1.023;fibronectin;M450-Strept;4506;1.056;PEG-biotin;0;5;2.5_50;1.5s;False;3;500;upward;436_200;PEG-beads out. fibro-beads in.
Drugs. 3T3-Atcc-2023;23-04-20;M3;compressionsLowStart;blebbistatin;50.0;20um fibronectin discs;labview;100X;15.8;oil;0.875;1.015;3T3;Atcc-2023;M450-2023;4477;1.023;fibronectin;M450-Strept;4506;1.056;PEG-biotin;0;5;2.5_50;1.5s;False;3;500;upward;436_200;PEG-beads out. fibro-beads in.
Drugs. 3T3-Atcc-2023;23-04-20;M4;compressionsLowStart;dmso;0.0;20um fibronectin discs;labview;100X;15.8;oil;0.875;1.0;3T3;Atcc-2023;M450-2023;4477;1.023;fibronectin;M450-Strept;4506;1.056;PEG-biotin;0;5;2.5_50;1.5s;False;3;500;upward;436_200;PEG-beads out. fibro-beads in.
Drugs. 3T3-Atcc-2023;23-04-20;M5;compressionsLowStart;dmso;0.0;20um fibronectin discs;labview;100X;15.8;oil;0.875;1.012;3T3;Atcc-2023;M450-2023;4477;1.023;fibronectin;M450-Strept;4506;1.056;PEG-biotin;0;5;2.5_50;1.5s;False;3;500;upward;436_200;PEG-beads out. fibro-beads in.
Drugs. 3T3-Atcc-2023;23-04-26;M1;compressionsLowStart;ck666;50.0;20um fibronectin discs;labview;100X;15.8;oil;0.875;1.07;3T3;Atcc-2023;M450-2023;4477;1.023;fibronectin;M450-Strept;4506;1.056;PEG-biotin;0;5;2.5_50;1.5s;False;3;500;upward;436_200;PEG-beads out. fibro-beads in.
Drugs. 3T3-Atcc-2023;23-04-26;M2;compressionsLowStart;dmso;0.0;20um fibronectin discs;labview;100X;15.8;oil;0.875;1.02;3T3;Atcc-2023;M450-2023;4477;1.023;fibronectin;M450-Strept;4506;1.056;PEG-biotin;0;5;2.5_50;1.5s;False;3;500;upward;436_200;PEG-beads out. fibro-beads in.
Drugs. 3T3-Atcc-2023;23-04-26;M3;compressionsLowStart;ck666;100.0;20um fibronectin discs;labview;100X;15.8;oil;0.875;1.0;3T3;Atcc-2023;M450-2023;4477;1.023;fibronectin;M450-Strept;4506;1.056;PEG-biotin;0;5;2.5_50;1.5s;False;3;500;upward;436_200;PEG-beads out. fibro-beads in.
Drugs. 3T3-Atcc-2023;23-04-28;M1;compressionsLowStart;dmso;0.0;20um fibronectin discs;labview;100X;15.8;oil;0.875;1.0;3T3;Atcc-2023;M450-2023;4477;1.023;fibronectin;M450-Strept;4506;1.056;PEG-biotin;0;5;2.5_50;1.5s;False;3;500;upward;436_200;PEG-beads out. fibro-beads in.
Drugs. 3T3-Atcc-2023;23-04-28;M2;compressionsLowStart;ck666;100.0;20um fibronectin discs;labview;100X;15.8;oil;0.875;0.975;3T3;Atcc-2023;M450-2023;4477;1.023;fibronectin;M450-Strept;4506;1.056;PEG-biotin;0;5;2.5_50;1.5s;False;3;500;upward;436_200;PEG-beads out. fibro-beads in.
Drugs. 3T3-Atcc-2023;23-04-28;M3;compressionsLowStart;ck666;50.0;20um fibronectin discs;labview;100X;15.8;oil;0.875;0.991;3T3;Atcc-2023;M450-2023;4477;1.023;fibronectin;M450-Strept;4506;1.056;PEG-biotin;0;5;2.5_50;1.5s;False;3;500;upward;436_200;PEG-beads out. fibro-beads in.
Test NewVI. 3T3-Atcc-2023;23-07-06;M1;compressionsRepeated;none;0.0;20um fibronectin discs;labview;100X;15.8;oil;0.875;1.0;3T3;Atcc-2023;M450-2023;4477;1.023;fibronectin;M450-Strept;4506;1.056;PEG-biotin;0;5;2_50;1.5s;False;3;500;upward;;"Check B corr ; Data produced with a new Labview code -> no need for the Loop Structure anymore"
Test NewVI. 3T3-Atcc-2023;23-07-06;M2;compressionsRepeated;none;0.0;20um fibronectin discs;labview;100X;15.8;oil;0.875;1.0;3T3;Atcc-2023;M450-2023;4477;1.023;fibronectin;M450-Strept;4506;1.056;PEG-biotin;0;5;2_50;1.5s;False;3;500;upward;;"Check B corr ; Data produced with a new Labview code -> no need for the Loop Structure anymore"
Test NewVI. 3T3-Atcc-2023;23-07-06;M3;compressionsRepeated;none;0.0;20um fibronectin discs;labview;100X;15.8;oil;0.875;1.0;3T3;Atcc-2023;M450-2023;4477;1.023;fibronectin;M450-Strept;4506;1.056;PEG-biotin;0;5;2_50;1.5s;False;3;500;upward;;"Check B corr ; Data produced with a new Labview code -> no need for the Loop Structure anymore"
Test NewVI. 3T3-Atcc-2023;23-07-06;M4;compressionsRepeated;none;0.0;20um fibronectin discs;labview;100X;15.8;oil;0.875;1.0;3T3;Atcc-2023;M450-2023;4477;1.023;fibronectin;M450-Strept;4506;1.056;PEG-biotin;0;5;2_50;1.5s;False;3;500;upward;;"Check B corr ; Data produced with a new Labview code -> no need for the Loop Structure anymore"
Test NewVI. 3T3-Atcc-2023;23-07-06;M5;compressionsRepeated;none;0.0;20um fibronectin discs;labview;100X;15.8;oil;0.875;1.0;3T3;Atcc-2023;M450-2023;4477;1.023;fibronectin;M450-Strept;4506;1.056;PEG-biotin;0;5;2_50;1.5s;False;3;500;upward;;"Check B corr ; Data produced with a new Labview code -> no need for the Loop Structure anymore"
Test NewVI. 3T3-Atcc-2023;23-07-06;M6;compressionsLowStart;none;0.0;20um fibronectin discs;labview;100X;15.8;oil;0.875;1.0;3T3;Atcc-2023;M450-2023;4477;1.023;fibronectin;M450-Strept;4506;1.056;PEG-biotin;0;5;2_50;1.5s;False;3;500;upward;;"Check B corr ; Data produced with a new Labview code -> no need for the Loop Structure anymore"
Test NewVI. 3T3-Atcc-2023;23-07-06;M7;compressionsLowStart;none;0.0;20um fibronectin discs;labview;100X;15.8;oil;0.875;1.0;3T3;Atcc-2023;M450-2023;4477;1.023;fibronectin;M450-Strept;4506;1.056;PEG-biotin;0;10;2_50;1.5s;False;3;500;upward;;"Check B corr ; Data produced with a new Labview code -> no need for the Loop Structure anymore"
Test NewVI. 3T3-Atcc-2023;23-07-06;M8;compressionsLowStart;none;0.0;20um fibronectin discs;labview;100X;15.8;oil;0.875;1.0;3T3;Atcc-2023;M450-2023;4477;1.023;fibronectin;M450-Strept;4506;1.056;PEG-biotin;0;15;2_50;1.5s;False;3;500;upward;;"Check B corr ; Data produced with a new Labview code -> no need for the Loop Structure anymore"
Drugs. 3T3-Atcc-2023;23-07-17;M1;compressionsLowStart;calyculinA;1.0;20um fibronectin discs;labview;100X;15.8;oil;0.875;1.015;3T3;Atcc-2023-LaGFP;M450-2023;4477;1.023;fibronectin;M450-Strept;4506;1.056;PEG-biotin;0;5;2_50;1.5s;False;3;500;upward;;" ; Data produced with a new Labview code -> no need for the Loop Structure anymore"
Drugs. 3T3-Atcc-2023;23-07-17;M2;compressionsLowStart;calyculinA;0.5;20um fibronectin discs;labview;100X;15.8;oil;0.875;1.003;3T3;Atcc-2023-LaGFP;M450-2023;4477;1.023;fibronectin;M450-Strept;4506;1.056;PEG-biotin;0;5;2_50;1.5s;False;3;500;upward;;" ; Data produced with a new Labview code -> no need for the Loop Structure anymore"
Drugs. 3T3-Atcc-2023;23-07-17;M3;compressionsLowStart;dmso;0.0;20um fibronectin discs;labview;100X;15.8;oil;0.875;1.008;3T3;Atcc-2023-LaGFP;M450-2023;4477;1.023;fibronectin;M450-Strept;4506;1.056;PEG-biotin;0;5;2_50;1.5s;False;3;500;upward;;" ; Data produced with a new Labview code -> no need for the Loop Structure anymore"
Drugs. 3T3-Atcc-2023;23-07-17;M4;compressionsLowStart;none;0.0;20um fibronectin discs;labview;100X;15.8;oil;0.875;1.029;3T3;Atcc-2023-LaGFP;M450-2023;4477;1.023;fibronectin;M450-Strept;4506;1.056;PEG-biotin;0;5;2_50;1.5s;False;3;500;upward;;" ; Data produced with a new Labview code -> no need for the Loop Structure anymore"
Drugs. 3T3-Atcc-2023;23-07-17;M5;compressionsLowStart;calyculinA;0.5;20um fibronectin discs;labview;100X;15.8;oil;0.875;1.029;3T3;Atcc-2023-LaGFP;M450-2023;4477;1.023;fibronectin;M450-Strept;4506;1.056;PEG-biotin;0;5;2_50;1.5s;False;3;500;upward;;" ; Data produced with a new Labview code -> no need for the Loop Structure anymore"
Drugs. 3T3-Atcc-2023;23-07-17;M6;compressionsLowStart;none;0.0;20um fibronectin discs;labview;100X;15.8;oil;0.875;1.042;3T3;Atcc-2023-LaGFP;M450-2023;4477;1.023;fibronectin;M450-Strept;4506;1.056;PEG-biotin;0;5;2_50;1.5s;False;3;500;upward;;" ; Data produced with a new Labview code -> no need for the Loop Structure anymore"
Drugs. 3T3-Atcc-2023;23-07-17;M7;compressionsLowStart;calyculinA;2.0;20um fibronectin discs;labview;100X;15.8;oil;0.875;1.042;3T3;Atcc-2023-LaGFP;M450-2023;4477;1.023;fibronectin;M450-Strept;4506;1.056;PEG-biotin;0;5;2_50;1.5s;False;3;500;upward;;" ; Data produced with a new Labview code -> no need for the Loop Structure anymore"
Drugs. 3T3-Atcc-2023;23-07-20;M1;compressionsLowStart;calyculinA;2.0;20um fibronectin discs;labview;100X;15.8;oil;0.875;0.988;3T3;Atcc-2023-LaGFP;M450-2023;4477;1.023;fibronectin;M450-Strept;4506;1.056;PEG-biotin;0;5;2_50;1.5s;False;3;500;upward;;" ; Data produced with a new Labview code -> no need for the Loop Structure anymore"
Drugs. 3T3-Atcc-2023;23-07-20;M2;compressionsLowStart;dmso;0.0;20um fibronectin discs;labview;100X;15.8;oil;0.875;1.01;3T3;Atcc-2023-LaGFP;M450-2023;4477;1.023;fibronectin;M450-Strept;4506;1.056;PEG-biotin;0;5;2_50;1.5s;False;3;500;upward;;" ; Data produced with a new Labview code -> no need for the Loop Structure anymore"
Drugs. 3T3-Atcc-2023;23-07-20;M3;compressionsLowStart;calyculinA;1.0;20um fibronectin discs;labview;100X;15.8;oil;0.875;0.998;3T3;Atcc-2023-LaGFP;M450-2023;4477;1.023;fibronectin;M450-Strept;4506;1.056;PEG-biotin;0;5;2_50;1.5s;False;3;500;upward;;" ; Data produced with a new Labview code -> no need for the Loop Structure anymore"
Drugs. 3T3-Atcc-2023;23-09-06;M1;compressionsLowStart;calyculinA;0.25;20um fibronectin discs;labview;100X;15.8;oil;0.875;0.975;3T3;Atcc-2023-LaGFP;M450-2025;4493;0.969;fibronectin;M450-Strept;4506;1.056;PEG-biotin;0;5;2_50;1.5s;False;3;500;upward;;"M450-Epoxy-2025 ; Still the same PEG beads out ! ; Data produced with a new Labview code -> no need for the Loop Structure anymore"
Drugs. 3T3-Atcc-2023;23-09-06;M2;compressionsLowStart;calyculinA;0.5;20um fibronectin discs;labview;100X;15.8;oil;0.875;0.985;3T3;Atcc-2023-LaGFP;M450-2025;4493;0.969;fibronectin;M450-Strept;4506;1.056;PEG-biotin;0;5;2_50;1.5s;False;3;500;upward;;"M450-Epoxy-2025 ; Still the same PEG beads out ! ; Data produced with a new Labview code -> no need for the Loop Structure anymore"
Drugs. 3T3-Atcc-2023;23-09-06;M3;compressionsLowStart;dmso;0.0;20um fibronectin discs;labview;100X;15.8;oil;0.875;0.975;3T3;Atcc-2023-LaGFP;M450-2025;4493;0.969;fibronectin;M450-Strept;4506;1.056;PEG-biotin;0;5;2_50;1.5s;False;3;500;upward;;"M450-Epoxy-2025 ; Still the same PEG beads out ! ; Data produced with a new Labview code -> no need for the Loop Structure anymore"
Drugs. 3T3-Atcc-2023;23-09-06;M4;compressionsLowStart;calyculinA;2.0;20um fibronectin discs;labview;100X;15.8;oil;0.875;0.985;3T3;Atcc-2023-LaGFP;M450-2025;4493;0.969;fibronectin;M450-Strept;4506;1.056;PEG-biotin;0;5;2_50;1.5s;False;3;500;upward;;"M450-Epoxy-2025 ; Still the same PEG beads out ! ; Data produced with a new Labview code -> no need for the Loop Structure anymore"
Drugs. 3T3-Atcc-2023;23-09-11;M1;constant field;dmso;0.0;20um fibronectin discs;labview;100X;15.8;oil;0.875;0.98;3T3;Atcc-2023-LaGFP;M450-2025;4493;0.969;fibronectin;M450-Strept;4506;1.056;PEG-biotin;0;5;2_50;1.5s;False;3;500;upward;;"M450-Epoxy-2025 ; Still the same PEG beads out ! ; Data produced with a new Labview code -> no need for the Loop Structure anymore"
Drugs. 3T3-Atcc-2023;23-09-11;M2;constant field;calyculinA;1.0;20um fibronectin discs;labview;100X;15.8;oil;0.875;0.98;3T3;Atcc-2023-LaGFP;M450-2025;4493;0.969;fibronectin;M450-Strept;4506;1.056;PEG-biotin;0;5;2_50;1.5s;False;3;500;upward;;"M450-Epoxy-2025 ; Still the same PEG beads out ! ; Data produced with a new Labview code -> no need for the Loop Structure anymore"
Drugs. 3T3-Atcc-2023;23-09-19;M1;compressionsLowStart;dmso;0.0;20um fibronectin discs;labview;100X;15.8;oil;0.875;1.015;3T3;Atcc-2023-LaGFP;M450-2025;4493;0.969;fibronectin;M450-Strept;4506;1.056;PEG-biotin;0;5;2_50;1.5s;False;3;500;upward;;"M450-Epoxy-2025 ; Still the same PEG beads out ! ; Data produced with a new Labview code -> no need for the Loop Structure anymore"
Drugs. 3T3-Atcc-2023;23-09-19;M2;compressionsLowStart;JLY;8-5-10;20um fibronectin discs;labview;100X;15.8;oil;0.875;1.015;3T3;Atcc-2023-LaGFP;M450-2025;4493;0.969;fibronectin;M450-Strept;4506;1.056;PEG-biotin;0;5;2_50;1.5s;False;3;500;upward;;"M450-Epoxy-2025 ; Still the same PEG beads out ! ; Data produced with a new Labview code -> no need for the Loop Structure anymore"
NanoIndent. 3T3-Atcc-2023;23-11-01;M1;compressionsLowStart;none;0.0;20um fibronectin discs;labview;100X;15.8;oil;0.875;1.0;3T3;Atcc-2023;M450-2025;4493;0.969;fibronectin;M450-Strept;4506;1.056;PEG-biotin;0;5;2_40;1.5s;False;3;500;upward;;2 sets of compressions: 1=before 2=after nano indentation
NanoIndent. 3T3-Atcc-2023;23-11-13;M1;compressionsLowStart;none;0.0;20um fibronectin discs;labview;100X;15.8;oil;0.875;1.0;3T3;Atcc-2023-LaGFP;M450-2025;4493;0.969;fibronectin;M450-Strept;4506;1.056;PEG-biotin;0;5;2_40;1.5s;False;3;500;upward;;2 sets of compressions: 1=before 2=after nano indentation
NanoIndent. 3T3-Atcc-2023;23-11-13;M2;compressionsLowStart;none;0.0;20um fibronectin discs;labview;100X;15.8;oil;0.875;1.0;3T3;Atcc-2023-LaGFP;M450-2025;4493;0.969;fibronectin;M450-Strept;4506;1.056;PEG-biotin;0;5;2_40;1.5s;False;3;500;upward;;2 sets of compressions: 1=before 2=after nano indentation
NanoIndent. 3T3-Atcc-2023;23-11-15;M1;compressionsLowStart;none;0.0;20um fibronectin discs;labview;100X;15.8;oil;0.875;1.004;3T3;Atcc-2023-LaGFP;M450-2025;4493;0.969;fibronectin;M450-Strept;4506;1.056;PEG-biotin;0;5;2_40;1.5s;False;3;500;upward;;2 sets of compressions: 1=before 2=after nano indentation
Drugs. 3T3-Atcc-2023;23-11-26;M1;compressionsLowStart;latrunculinA;0.5;20um fibronectin discs;labview;100X;15.8;oil;0.875;0.96;3T3;Atcc-2023-LaGFP;M450-2025;4493;0.969;fibronectin;M450-Strept;4506;1.056;PEG-biotin;0;5;2_50;1.5s;False;3;500;upward;;
Drugs. 3T3-Atcc-2023;23-11-26;M2;compressionsLowStart;dmso;0.0;20um fibronectin discs;labview;100X;15.8;oil;0.875;0.956;3T3;Atcc-2023-LaGFP;M450-2025;4493;0.969;fibronectin;M450-Strept;4506;1.056;PEG-biotin;0;5;2_40;1.5s;False;3;500;upward;;I made a mistake with the range of B field for this specific dish (2-40 instead of 2-50)
Drugs. 3T3-Atcc-2023;23-11-26;M3;compressionsLowStart;latrunculinA;2.5;20um fibronectin discs;labview;100X;15.8;oil;0.875;0.954;3T3;Atcc-2023-LaGFP;M450-2025;4493;0.969;fibronectin;M450-Strept;4506;1.056;PEG-biotin;0;5;2_50;1.5s;False;3;500;upward;;
Drugs. 3T3-Atcc-2023;23-11-26;M4;compressionsLowStart;latrunculinA;0.5;20um fibronectin discs;labview;100X;15.8;oil;0.875;0.944;3T3;Atcc-2023-LaGFP;M450-2025;4493;0.969;fibronectin;M450-Strept;4506;1.056;PEG-biotin;0;5;2_50;1.5s;False;3;500;upward;;
Drugs. 3T3-Atcc-2023;23-12-03;M1;compressionsLowStart;dmso;0.0;20um fibronectin discs;labview;100X;15.8;oil;0.875;0.996;3T3;Atcc-2023-LaGFP;M450-2025;4493;0.969;fibronectin;M450-Strept;4506;1.056;PEG-biotin;0;5;2_55;1.5s;False;3;500;upward;;
Drugs. 3T3-Atcc-2023;23-12-03;M2;compressionsLowStart;latrunculinA;0.1;20um fibronectin discs;labview;100X;15.8;oil;0.875;0.99;3T3;Atcc-2023-LaGFP;M450-2025;4493;0.969;fibronectin;M450-Strept;4506;1.056;PEG-biotin;0;5;2_55;1.5s;False;3;500;upward;;
Drugs. 3T3-Atcc-2023;23-12-03;M3;compressionsLowStart;latrunculinA;0.5;20um fibronectin discs;labview;100X;15.8;oil;0.875;0.982;3T3;Atcc-2023-LaGFP;M450-2025;4493;0.969;fibronectin;M450-Strept;4506;1.056;PEG-biotin;0;5;2_55;1.5s;False;3;500;upward;;
Drugs. 3T3-Atcc-2023;23-12-03;M4;compressionsLowStart;latrunculinA;0.1;20um fibronectin discs;labview;100X;15.8;oil;0.875;0.98;3T3;Atcc-2023-LaGFP;M450-2025;4493;0.969;fibronectin;M450-Strept;4506;1.056;PEG-biotin;0;5;2_55;1.5s;False;3;500;upward;;
NanoIndent. 3T3-Atcc-2023;23-12-07;M1;compressionsLowStart;none;0.0;20um fibronectin discs;labview;100X;15.8;oil;0.875;1.005;3T3;Atcc-2023-LaGFP;M450-2025;4493;0.969;fibronectin;M450-Strept;4506;1.056;PEG-biotin;0;5;2_44;1.5s;False;3;500;upward;;2 sets of compressions: 1=before 2=after nano indentation
NanoIndent. 3T3-Atcc-2023;23-12-07;M2;compressionsLowStart;none;0.0;20um fibronectin discs;labview;100X;15.8;oil;0.875;1.005;3T3;Atcc-2023-LaGFP;M450-2025;4493;0.969;fibronectin;M450-Strept;4506;1.056;PEG-biotin;0;5;2_44;1.5s;False;3;500;upward;;2 sets of compressions: 1=before 2=after nano indentation
NanoIndent. 3T3-Atcc-2023;23-12-10;M1;compressionsLowStart;none;0.0;20um fibronectin discs;labview;100X;15.8;oil;0.875;1.004;3T3;Atcc-2023-LaGFP;M450-2025;4493;0.969;fibronectin;M450-Strept;4506;1.056;PEG-biotin;0;5;2_44;1.5s;False;3;500;upward;;2 sets of compressions: 1=before 2=after nano indentation
NanoIndent. 3T3-Atcc-2023;24-02-26;M2;compressionsLowStart;none;0.0;20um fibronectin discs;labview;100X;15.8;oil;0.875;1.0;3T3;Atcc-2023-LaGFP;M450-2025;4493;0.969;fibronectin;M450-Strept;4506;1.056;PEG-biotin;0;5;2_44;1.5s;False;3;500;upward;;Only one set of compression onwards
NanoIndent. 3T3-Atcc-2023;24-02-26;M3;compressionsLowStart;none;0.0;20um fibronectin discs;labview;100X;15.8;oil;0.875;1.0;3T3;Atcc-2023-LaGFP;M450-2025;4493;0.969;fibronectin;M450-Strept;4506;1.056;PEG-biotin;0;5;2_44;1.5s;False;3;500;upward;;
Chameleon. FluoQuantif. 3T3-Atcc-2023;24-02-27;M1;constant field;none;0.0;20um fibronectin discs;zen;100X;7.4588;oil;0.875;1.0;3T3;Atcc-2023-LaGFP;M450-2025;4493;0.969;fibronectin;M450-Strept;4506;1.056;PEG-biotin;0;5;;;True;3;500;downward;;
NanoIndent. 3T3-Atcc-2023;24-02-28;M1;compressionsLowStart;none;0.0;20um fibronectin discs;labview;100X;15.8;oil;0.875;0.967;3T3;Atcc-2023-LaGFP;M450-2025;4493;0.969;fibronectin;M450-Strept;4506;1.056;PEG-biotin;0;5;2_44;1.5s;False;3;500;upward;;
NanoIndent. 3T3-Atcc-2023;24-02-28;M2;compressionsLowStart;none;0.0;20um fibronectin discs;labview;100X;15.8;oil;0.875;1.01;3T3;Atcc-2023-LaGFP;M450-2025;4493;0.969;fibronectin;M450-Strept;4506;1.056;PEG-biotin;0;5;2_44;1.5s;False;3;500;upward;;
NanoIndent. 3T3-Atcc-2023;24-02-28;M3;compressionsLowStart;none;0.0;20um fibronectin discs;labview;100X;15.8;oil;0.875;1.024;3T3;Atcc-2023-LaGFP;M450-2025;4493;0.969;fibronectin;M450-Strept;4506;1.056;PEG-biotin;0;5;2_44;1.5s;False;3;500;upward;;
Drugs. 3T3-Atcc-2023;24-03-13;M1;compressionsLowStart;dmso;0.0;20um fibronectin discs;labview;100X;15.8;oil;0.875;0.956;3T3;Atcc-2023-LaGFP;M450-2025;4493;0.969;fibronectin;M450-Strept;4506;1.056;PEG-biotin;0;5;2_55;1.5s;False;3;500;upward;;
Drugs. 3T3-Atcc-2023;24-03-13;M2;compressionsLowStart;LIMKi;10.0;20um fibronectin discs;labview;100X;15.8;oil;0.875;0.964;3T3;Atcc-2023-LaGFP;M450-2025;4493;0.969;fibronectin;M450-Strept;4506;1.056;PEG-biotin;0;5;2_55;1.5s;False;3;500;upward;;
Drugs. 3T3-Atcc-2023;24-03-13;M3;compressionsLowStart;Y27;50.0;20um fibronectin discs;labview;100X;15.8;oil;0.875;0.968;3T3;Atcc-2023-LaGFP;M450-2025;4493;0.969;fibronectin;M450-Strept;4506;1.056;PEG-biotin;0;5;2_55;1.5s;False;3;500;upward;;
Drugs. 3T3-Atcc-2023;24-03-13;M4;compressionsLowStart;LIMKi;20.0;20um fibronectin discs;labview;100X;15.8;oil;0.875;0.968;3T3;Atcc-2023-LaGFP;M450-2025;4493;0.969;fibronectin;M450-Strept;4506;1.056;PEG-biotin;0;5;2_55;1.5s;False;3;500;upward;;
NanoIndent. 3T3-Atcc-2023;24-04-11;M1;compressionsLowStart;none;0.0;20um fibronectin discs;labview;100X;15.8;oil;0.875;1.004;3T3;Atcc-2023-LaGFP;M450-2025;4493;0.969;fibronectin;M450-Strept;4506;1.056;PEG-biotin;0;5;2_44;1.5s;False;3;500;upward;;
NanoIndent. 3T3-Atcc-2023;24-04-11;M2;compressionsLowStart;Y27;50.0;20um fibronectin discs;labview;100X;15.8;oil;0.875;1.004;3T3;Atcc-2023-LaGFP;M450-2025;4493;0.969;fibronectin;M450-Strept;4506;1.056;PEG-biotin;0;5;2_44;1.5s;False;3;500;upward;;
NanoIndent. 3T3-Atcc-2023;24-04-11;M3;compressionsLowStart;none;0.0;20um fibronectin discs;labview;100X;15.8;oil;0.875;0.996;3T3;Atcc-2023-LaGFP;M450-2025;4493;0.969;fibronectin;M450-Strept;4506;1.056;PEG-biotin;0;5;2_44;1.5s;False;3;500;upward;;
NanoIndent. 3T3-Atcc-2023;24-04-11;M5;compressionsLowStart;none;0.0;15um fibronectin discs;labview;100X;15.8;oil;0.875;1.002;3T3;Atcc-2023-LaGFP;M450-2025;4493;0.969;fibronectin;M450-Strept;4506;1.056;PEG-biotin;0;5;2_44;1.5s;False;3;500;upward;;
NanoIndent. 3T3-Atcc-2023;24-04-18;M1;compressionsLowStart;none;0.0;20um fibronectin discs;labview;100X;15.8;oil;0.875;1.002;3T3;Atcc-2023-LaGFP;M450-2025;4493;0.969;fibronectin;M450-Strept;4506;1.056;PEG-biotin;0;5;2_44;1.5s;False;3;500;upward;;
NanoIndent. 3T3-Atcc-2023;24-04-18;M2;compressionsLowStart;Y27;50.0;20um fibronectin discs;labview;100X;15.8;oil;0.875;1.004;3T3;Atcc-2023-LaGFP;M450-2025;4493;0.969;fibronectin;M450-Strept;4506;1.056;PEG-biotin;0;5;2_44;1.5s;False;3;500;upward;;
NanoIndent. 3T3-Atcc-2023;24-04-18;M3;compressionsLowStart;none;0.0;20um fibronectin discs;labview;100X;15.8;oil;0.875;1.004;3T3;Atcc-2023-LaGFP;M450-2025;4493;0.969;fibronectin;M450-Strept;4506;1.056;PEG-biotin;0;5;2_44;1.5s;False;3;500;upward;;
Chameleon. FluoQuantif. 3T3-Atcc-2023;24-05-24;M1;constant field;none;0.0;diverse fibronectin discs;zen;100X;7.4588;oil;0.875;1.0;3T3;Atcc-2023-LaGFP;M450-2025;4493;0.969;fibronectin;M450-Strept;4506;1.056;PEG-biotin;0;5;;;True;3;500;downward;;"Here the goal was more to acquire 3D stack of cells on diverse patterns ; no time lapse was taken"
Chameleon. FluoQuantif. 3T3-Atcc-2023;24-05-24;M2-1;constant field;none;0.0;20um fibronectin discs;zen;100X;7.4588;oil;0.875;1.0;3T3;Atcc-2023-LaGFP;M450-2025;4493;0.969;fibronectin;M450-Strept;4506;1.056;PEG-biotin;0;5;;;True;3;500;downward;;
Chameleon. FluoQuantif. 3T3-Atcc-2023;24-05-24;M2-2;constant field;none;0.0;20um fibronectin discs;zen;100X;7.4588;oil;0.875;1.0;3T3;Atcc-2023-LaGFP;M450-2025;4493;0.969;fibronectin;M450-Strept;4506;1.056;PEG-biotin;0;5;;;True;3;500;downward;;Stairs of mag field: 5 - 10 - 15 - 20 - 25 -30 - 35
Chameleon. FluoQuantif. 3T3-Atcc-2023;24-06-14;M1;constant field;none;0.0;20um fibronectin discs;zen;100X;7.4588;oil;0.875;1.0;3T3;Atcc-2023-LaGFP;M450-2025;4493;0.969;fibronectin;M450-Strept;4506;1.056;PEG-biotin;0;5;;;True;3;500;downward;;
Chameleon. FluoQuantif. 3T3-Atcc-2023;24-06-14;M2-1;constant field;none;0.0;20um fibronectin discs;zen;100X;7.4588;oil;0.875;1.0;3T3;Atcc-2023-LaGFP;M450-2025;4493;0.969;fibronectin;M450-Strept;4506;1.056;PEG-biotin;0;5;;;True;3;500;downward;;M2-1 & M2 were made together : one with the spinning, the other with the orca camera
Chameleon. FluoQuantif. 3T3-Atcc-2023;24-06-14;M2;compressionsLowStart;none;0.0;20um fibronectin discs;labview;100X;15.8;oil;0.875;1.0;3T3;Atcc-2023-LaGFP;M450-2025;4493;0.969;fibronectin;M450-Strept;4506;1.056;PEG-biotin;0;5;2_50;1.5s;True;3;500;downward;;M2-1 & M2 were made together : one with the spinning, the other with the orca camera
Chameleon. FluoQuantif. 3T3-Atcc-2023;24-06-14;M3-1;constant field;none;0.0;20um fibronectin discs;zen;100X;7.4588;oil;0.875;1.0;3T3;Atcc-2023-LaGFP;M450-2025;4493;0.969;fibronectin;M450-Strept;4506;1.056;PEG-biotin;0;5;;;True;3;500;downward;;M3-1 & M3 were made together : one with the spinning, the other with the orca camera
Chameleon. FluoQuantif. 3T3-Atcc-2023;24-06-14;M3;compressionsLowStart;none;0.0;20um fibronectin discs;labview;100X;15.8;oil;0.875;1.0;3T3;Atcc-2023-LaGFP;M450-2025;4493;0.969;fibronectin;M450-Strept;4506;1.056;PEG-biotin;0;5;2_50;1.5s;True;3;500;downward;;M3-1 & M3 were made together : one with the spinning, the other with the orca camera
Hugo. MDCK. CellTypes;24-02-27;M4;compressionsLowStart;none;0.0;20um fibronectin discs;labview;100x;15.8;oil;0.875;1.0;MDCK;WT;M450-Hugo;4510;1;;M450-Hugo;4510;1;;0;5.0;1_50;1.5s;False;3;500;upward;;With Hugo
Hugo. MDCK. CellTypes;24-05-22;M5;compressionsLowStart;none;0.0;20um fibronectin discs;labview;100x;15.8;oil;0.875;1.0;MDCK;WT;M450-Hugo;4510;1;;M450-Hugo;4510;1;;0;30.0;2_70;1.5s;False;3;500;upward;;With Hugo
Hugo. MDCK. CellTypes;24-05-30;M5;compressionsLowStart;none;0.0;20um fibronectin discs;labview;100x;15.8;oil;0.875;1.0;MDCK;WT;M450-Hugo;4510;1;;M450-Hugo;4510;1;;0;30.0;1.50_70;1.5s;False;3;500;upward;;With Hugo
Drugs. 3T3-Atcc-2023;24-07-04;M1;compressionsLowStart;blebbistatin;100.0;20um fibronectin discs;labview;100X;15.8;oil;0.875;0.978;3T3;Atcc-2023-LaGFP;M450-2025;4493;0.969;fibronectin;M450-Strept;4506;1.056;PEG-biotin;0;5;2_50;1.5s;False;3;500;upward;;
Drugs. 3T3-Atcc-2023;24-07-04;M2;compressionsLowStart;dmso;0.0;20um fibronectin discs;labview;100X;15.8;oil;0.875;0.982;3T3;Atcc-2023-LaGFP;M450-2025;4493;0.969;fibronectin;M450-Strept;4506;1.056;PEG-biotin;0;5;2_50;1.5s;False;3;500;upward;;
Drugs. 3T3-Atcc-2023;24-07-04;M3;compressionsLowStart;LIMKi;20.0;20um fibronectin discs;labview;100X;15.8;oil;0.875;0.978;3T3;Atcc-2023-LaGFP;M450-2025;4493;0.969;fibronectin;M450-Strept;4506;1.056;PEG-biotin;0;5;2_50;1.5s;False;3;500;upward;;
Drugs. 3T3-Atcc-2023;24-07-04;M4;compressionsLowStart;blebbistatin;50.0;20um fibronectin discs;labview;100X;15.8;oil;0.875;0.986;3T3;Atcc-2023-LaGFP;M450-2025;4493;0.969;fibronectin;M450-Strept;4506;1.056;PEG-biotin;0;5;2_50;1.5s;False;3;500;upward;;
Drugs. 3T3-Atcc-2023;24-07-04;M6;compressionsLowStart;none;0.0;20um fibronectin discs;labview;100X;15.8;oil;0.875;0.962;3T3;Atcc-2023-LaGFP;M450-2025;4493;0.969;fibronectin;M450-Strept;4506;1.056;PEG-biotin;0;5;2_50;1.5s;False;3;500;upward;;
Drugs. 3T3-Atcc-2023;24-07-04;M7;compressionsLowStart;Y27;50.0;20um fibronectin discs;labview;100X;15.8;oil;0.875;0.962;3T3;Atcc-2023-LaGFP;M450-2025;4493;0.969;fibronectin;M450-Strept;4506;1.056;PEG-biotin;0;5;2_50;1.5s;False;3;500;upward;;Actually is the same dish as M6
3T3-Atcc-2023. LongSeries;24-12-11;M1;compressionsLowStart;none;0.0;20um fibronectin discs;labview;100X;15.8;oil;0.875;0.96;3T3;Atcc-2023-LaGFP;M450-2025;4493;0.969;fibronectin;M450-Strept;4506;1.056;PEG-biotin;0;5;2_50;1.5s;False;3;500;upward;;
3T3-Atcc-2023. LongSeries;24-12-11;M2;compressionsLowStart;none;0.0;20um fibronectin discs;labview;100X;15.8;oil;0.875;0.96;3T3;Atcc-2023-LaGFP;M450-2025;4493;0.969;fibronectin;M450-Strept;4506;1.056;PEG-biotin;0;5;2_50;1.5s;False;3;500;upward;;
