date;manip;experimentType;drug;substrate;objective magnification;scale pixel per um;objective immersion;optical index correction;magnetic field correction;cell type;cell subtype;bead type;bead diameter;beads bright spot delta;normal field;ramp field;compression duration;first activation;last activation;activation frequency;activation exp;activation type;power;with fluo images;normal field multi images;multi image Z step;loop structure;microscope;comments
21-01-01;DEFAULT;DEFAULT;DEFAULT;DEFAULT;100X;15.8;oil;0.875;1.15;DEFAULT;DEFAULT;M450;DEFAULT;0;5.0;3_40;1s;;;;;;;False;3;500;143_90;metamorph;
21-12-10;M1;optoGen;none;20um fibronectin discs;100X;15.8;oil;0.875;1.0;3T3;optoRhoA;M450;4503;0;15.0;;;;;;;;;False;3;500;3000;metamorph;
21-12-20;M1;optoGen;none;20um fibronectin discs;100X;15.8;oil;0.875;1.0;3T3;optoRhoA;M450;4503;0;15.0;;;;;;;;;False;3;500;3000;metamorph;
21-12-20;M2;optoGen;none;20um fibronectin discs;100X;15.8;oil;0.875;1.0;3T3;optoRhoA;M450;4503;0;15.0;;;;;;;;;False;3;500;3000;metamorph;
21-12-20;M3;optoGen;none;20um fibronectin discs;100X;15.8;oil;0.875;1.0;3T3;optoRhoA;M450;4503;0;15.0;;;;;;;;;False;3;500;3000;metamorph;
22-02-03;M1;optoGen;none;20um fibronectin discs;100X;15.8;oil;0.875;1.0;3T3;optoRhoA;M450;4503;0;15.0;;;;;;;;;False;3;500;1500;metamorph;
22-02-03;M2;optoGen;none;20um fibronectin discs;100X;15.8;oil;0.875;1.0;3T3;optoRhoA;M450;4503;0;15.0;;;;;;;;;False;3;500;1500;metamorph;
22-02-03;M3;optoGen;none;20um fibronectin discs;100X;15.8;oil;0.875;1.0;3T3;optoRhoA;M450;4503;0;15.0;;;;;;;;;False;3;500;1500;metamorph;
22-02-03;M4;optoGen;none;20um fibronectin discs;100X;15.8;oil;0.875;1.0;3T3;optoRhoA;M450;4503;0;15.0;;;;;;;;;False;3;500;1500;metamorph;
22-02-03;M5;optoGen;none;20um fibronectin discs;100X;15.8;oil;0.875;1.0;3T3;optoRhoA;M450;4503;0;15.0;;;;;;;;;False;3;500;1500;metamorph;
22-03-01;M1;optoGen;none;20um fibronectin discs;100X;15.8;oil;0.875;1.0;3T3;optoRhoA. high expressing;M450;4503;0;15.0;;;10.0;;1.0;100;global;1.0;False;3;500;150;metamorph;
22-03-01;M3;optoGen;none;20um fibronectin discs;100X;15.8;oil;0.875;1.0;3T3;optoRhoA. high expressing;M450;4503;0;15.0;;;10.0;;1.0;100;at beads;1.0;False;3;500;150;metamorph;
22-03-01;M2;optoGen;none;20um fibronectin discs;100X;15.8;oil;0.875;1.0;3T3;optoRhoA. high expressing;M450;4503;0;15.0;;;10.0;;1.0;100;away from beads;1.0;False;3;500;150;metamorph;
22-03-22;M1;optoGen;none;20um fibronectin discs;100X;15.8;oil;0.875;1.0;3T3;optoRhoA. high expressing;M450;4503;0;15.0;;;10.0;;2.0;50;global;1.0;False;3;500;150;metamorph;
22-03-22;M2;optoGen;none;20um fibronectin discs;100X;15.8;oil;0.875;1.0;3T3;optoRhoA. high expressing;M450;4503;0;15.0;;;10.0;;1.0;50;global;1.0;False;3;500;150;metamorph;
22-03-22;M3;optoGen;none;20um fibronectin discs;100X;15.8;oil;0.875;1.0;3T3;optoRhoA. high expressing;M450;4503;0;15.0;;;10.0;;1.0;50;at beads;1.0;False;3;500;150;metamorph;
22-03-22;M4;optoGen;none;20um fibronectin discs;100X;15.8;oil;0.875;1.0;3T3;optoRhoA. high expressing;M450;4503;0;15.0;;;10.0;;1.0;50;away from beads;1.0;False;3;500;150;metamorph;
22-03-22;M5;optoGen;none;20um fibronectin discs;100X;15.8;oil;0.875;1.0;3T3;optoRhoA. high expressing;M450;4503;0;15.0;;;10.0;;1.0;50;global;1.0;False;3;500;150;metamorph;
22-03-31;M3;compressionsLowStart;none;20um fibronectin discs;100X;15.8;oil;0.875;1.0;3T3;optoRhoA. high expressing;M450;4503;0;5.0;3_50;1s;5.0;;5.0;100;global;0.6;False;3;500;169_67;labview;
22-03-31;M4;compressionsLowStart;none;20um fibronectin discs;100X;15.8;oil;0.875;1.0;3T3;optoRhoA. high expressing;M450;4503;0;5.0;1_50;;;;;;;;False;3;500;302_133;labview;
22-03-31;M5;compressionsLowStart;none;20um fibronectin discs;100X;15.8;oil;0.875;1.0;3T3;optoRhoA. high expressing;M450;4503;0;5.0;1_50;1s;;;;;;;False;3;500;302_133;labview;
22-03-31;M6;compressionsLowStart;none;20um fibronectin discs;100X;15.8;oil;0.875;1.0;3T3;optoRhoA. high expressing;M450;4503;0;5.0;1_50;1s;5.0;;5.0;500;at beads;0.6;False;3;500;302_133;labview;
22-03-31;M7;compressionsLowStart;none;20um fibronectin discs;100X;15.8;oil;0.875;1.0;3T3;optoRhoA. high expressing;M450;4503;0;5.0;1_50;1s;5.0;;5.0;500;away from beads;0.6;False;3;500;302_133;labview;
22-03-31;M8;compressionsLowStart;none;20um fibronectin discs;100X;15.8;oil;0.875;1.0;3T3;optoRhoA. high expressing;M450;4503;0;5.0;1_50;1s;5.0;;5.0;500;global;0.6;False;3;500;302_133;labview;
22-03-31;M9;compressionsLowStart;none;20um fibronectin discs;100X;15.8;oil;0.875;1.0;3T3;optoRhoA. high expressing;M450;4503;0;5.0;1_50;1s;5.0;;5.0;800;global;0.6;False;3;500;299_133;labview;
22-04-12;M1;optoGen;none;20um fibronectin discs;100X;15.8;oil;0.875;1.0;3T3;optoRhoA. high expressing;M450;4503;0;15.0;;;9.0;;1.0;50;away from beads;0.6;False;3;500;147;labview;
22-04-12;M2;optoGen;none;20um fibronectin discs;100X;15.8;oil;0.875;1.0;3T3;optoRhoA. high expressing;M450;4503;0;15.0;;;9.0;;1.0;50;at beads;0.6;False;3;500;147;labview;
22-04-12;M3;optoGen;none;20um fibronectin discs;100X;15.8;oil;0.875;1.0;3T3;optoRhoA. high expressing;M450;4503;0;15.0;;;9.0;;1.0;50;global;0.6;False;3;500;147;labview;
22-04-12;M4;optoGen;none;20um fibronectin discs;100X;15.8;oil;0.875;1.0;3T3;optoRhoA. high expressing;M450;4503;0;15.0;;;9.0;;;50;global;0.6;False;3;500;147;labview;
22-04-28;M1;compressionsLowStart;none;20um fibronectin discs;100X;15.8;oil;0.875;1.0;3T3;optoRhoA. high expressing;M450;4503;0;5.0;1_50;1s;3.0;;1.0;500;away from beads;0.6;False;3;500;302_133;labview;First exposure activation 500ms then 20ms
22-04-28;M2;compressionsLowStart;none;20um fibronectin discs;100X;15.8;oil;0.875;1.0;3T3;optoRhoA. high expressing;M450;4503;0;5.0;1_50;1s;5.0;;1.0;500;away from beads;0.6;False;3;500;306_133;labview;First exposure activation 500ms then 20ms
22-04-28;M3;compressionsLowStart;none;20um fibronectin discs;100X;15.8;oil;0.875;1.0;3T3;optoRhoA. high expressing;M450;4503;0;5.0;1_50;1s;4.0;;1.0;500;global;0.6;False;3;500;302_133;labview;First exposure activation 500ms then 20ms
22-04-28;M4;compressionsLowStart;none;20um fibronectin discs;100X;15.8;oil;0.875;1.0;3T3;optoRhoA. high expressing;M450;4503;0;5.0;1_50;1s;4.0;;1.0;500;away from beads;0.6;False;3;500;304_133;labview;First exposure activation 500ms then 20ms
22-05-09;M1;optoGen;none;20um fibronectin discs;100X;15.8;oil;0.875;1.0;3T3;optoRhoA;M450;4503;0;15.0;;;10.0;;1.0;50;global;1.2;False;3;500;150;metamorph;
22-05-09;M2;optoGen;none;20um fibronectin discs;100X;15.8;oil;0.875;1.0;3T3;optoRhoA;M450;4503;0;15.0;;;10.0;;1.0;50;away from beads;1.2;False;3;500;150;metamorph;
22-05-09;M3;optoGen;none;20um fibronectin discs;100X;15.8;oil;0.875;1.0;3T3;optoRhoA;M450;4503;0;15.0;;;10.0;;1.0;50;at beads;3.2;False;3;500;150;metamorph;
22-05-09;M4;optoGen;none;20um fibronectin discs;100X;15.8;oil;0.875;1.0;3T3;optoRhoA;M450;4503;0;15.0;;;10.0;;1.0;50;away from beads;3.2;False;3;500;150;metamorph;
22-05-09;M5;optoGen;none;20um fibronectin discs;100X;15.8;oil;0.875;1.0;3T3;optoRhoA;M450;4503;0;15.0;;;10.0;;1.0;50;global;1.2;False;3;500;150;metamorph;
22-05-09;M6;optoGen;none;20um fibronectin discs;100X;15.8;oil;0.875;1.0;3T3;optoRhoA;M450;4503;0;15.0;;;10.0;;1.0;50;global;3.2;False;3;500;150;metamorph;
22-05-31;M1;compressionsLowStart;none;20um fibronectin discs;100X;15.8;oil;0.875;1.0;3T3;optoRhoA;M450;4503;0;5.0;1_50;1s;5.0;;1.0;500;at beads;1.6;False;3;500;305_133;labview;
22-05-31;M2;compressionsLowStart;none;20um fibronectin discs;100X;15.8;oil;0.875;1.0;3T3;optoRhoA;M450;4503;0;5.0;1_50;1s;5.0;;1.0;500;at beads;1.6;False;3;500;302_133;labview;
22-05-31;M3;compressionsLowStart;none;20um fibronectin discs;100X;15.8;oil;0.875;1.0;3T3;optoRhoA;M450;4503;0;5.0;1_50;1s;5.0;;1.0;500;at beads;1.6;False;3;500;302_133;labview;
22-05-31;M4;compressionsLowStart;none;20um fibronectin discs;100X;15.8;oil;0.875;1.0;3T3;optoRhoA;M450;4503;0;5.0;1_50;1s;5.0;;1.0;500;at beads;1.6;False;3;500;302_133;labview;
22-05-31;M5;compressionsLowStart;none;20um fibronectin discs;100X;15.8;oil;0.875;1.0;3T3;optoRhoA;M450;4503;0;5.0;1_50;1s;5.0;;1.0;500;at beads;1.6;False;3;500;302_133;labview;
22-05-31;M6;compressionsLowStart;none;20um fibronectin discs;100X;15.8;oil;0.875;1.0;3T3;optoRhoA;M450;4503;0;5.0;1_50;1s;5.0;;1.0;500;at beads;1.6;False;3;500;302_133;labview;
22-05-31;M7;compressionsLowStart;none;20um fibronectin discs;100X;15.8;oil;0.875;1.0;3T3;optoRhoA;M450;4503;0;5.0;1_50;1s;5.0;;1.0;500;at beads;1.6;False;3;500;302_133;labview;
22-06-09;M1;optoGen;none;20um fibronectin discs;100X;15.8;oil;0.875;1.0;3T3;optoRhoA;M450;4503;0;15.0;;;10.0;;1.0;50;at beads;3.2;False;3;500;150;metamorph;
22-06-09;M2;optoGen;none;20um fibronectin discs;100X;15.8;oil;0.875;1.0;3T3;optoRhoA;M450;4503;0;15.0;;;10.0;;1.0;50;away from beads;3.2;False;3;500;150;metamorph;
22-06-09;M3;optoGen;none;20um fibronectin discs;100X;15.8;oil;0.875;1.0;3T3;optoRhoA;M450;4503;0;15.0;;;10.0;;1.0;50;global;3.2;False;3;500;150;metamorph;
22-06-21;M1;compressionsLowStart;none;20um fibronectin discs;100X;15.8;oil;0.875;1.0;3T3;optoRhoA;M450;4503;0;5.0;1_50;1s;5.0;;1.0;600;at beads;3.2;False;3;500;302_133;labview;
22-06-21;M2;compressionsLowStart;none;20um fibronectin discs;100X;15.8;oil;0.875;1.0;3T3;optoRhoA;M450;4503;0;5.0;1_50;1s;5.0;;1.0;600;away from beads;3.2;False;3;500;302_133;labview;
22-06-21;M3;compressionsLowStart;none;20um fibronectin discs;100X;15.8;oil;0.875;1.0;3T3;optoRhoA;M450;4503;0;5.0;1_50;1s;;;;;;;False;3;500;302_133;labview;
22-04-15;M2;compressionsLowStart;none;20um fibronectin discs;100X;15.8;oil;0.875;1.0;3T3;optoRhoA. lowexpressing;M450;4503;0;3.0;0.5_0.5;1s;3.0;;0.0;500;away from beads;1.0;False;3;500;287_133;labview;
22-07-13;M1;constant field;none;20um fibronectin discs;100X;15.8;oil;0.875;1.0;3T3;optoRhoA;M450;4503;0;3.0;;;;;;;;;False;3;500;21;labview;
22-07-13;M2;constant field;none;20um fibronectin discs;100X;15.8;oil;0.875;1.0;3T3;optoRhoA;M450;4503;0;7.0;;;;;;;;;False;3;500;21;labview;
22-07-13;M3;constant field;none;20um fibronectin discs;100X;15.8;oil;0.875;1.0;3T3;optoRhoA;M450;4503;0;15.0;;;;;;;;;False;3;500;21;labview;
22-07-26;M1;constant field;none;20um fibronectin discs;100X;15.8;oil;0.875;1.0;3T3;optoRhoA. high expressing;M450;4503;0;3.0;;;;;;;;;False;3;500;21;labview;
22-07-26;M2;constant field;none;20um fibronectin discs;100X;15.8;oil;0.875;1.0;3T3;optoRhoA. high expressing;M450;4503;0;7.0;;;;;;;;;False;3;500;21;labview;
22-07-26;M3;constant field;none;20um fibronectin discs;100X;15.8;oil;0.875;1.0;3T3;optoRhoA. high expressing;M450;4503;0;15.0;;;;;;;;;False;3;500;24;labview;
22-07-26;M4;optoGen;none;20um fibronectin discs;100X;15.8;oil;0.875;1.0;3T3;optoRhoA. high expressing;M450;4503;0;3.0;;;4.0;10;1.0;100;at beads;3.2;False;3;500;147;labview;
22-07-26;M5;optoGen;none;20um fibronectin discs;100X;15.8;oil;0.875;1.0;3T3;optoRhoA. high expressing;M450;4503;0;7.0;;;4.0;10;1.0;100;at beads;3.2;False;3;500;147;labview;
22-07-26;M6;optoGen;none;20um fibronectin discs;100X;15.8;oil;0.875;1.0;3T3;optoRhoA. high expressing;M450;4503;0;15.0;;;4.0;10;1.0;100;at beads;3.2;False;3;500;147;labview;
22-08-26;M1;compressionsLowStart;none;20um fibronectin discs;100X;15.8;oil;0.875;1.0;3T3;optoRhoA;M450;4503;0;5.0;1_50;1s;;;;;;;False;3;500;302_133;labview;
22-08-26;M2;compressionsLowStart;none;20um fibronectin discs;100X;15.8;oil;0.875;1.0;3T3;optoRhoA;M450;4503;0;5.0;1_50;1s;;;;;;;False;3;500;302_133;labview;
22-08-26;M3;compressionsLowStart;none;20um fibronectin discs;100X;15.8;oil;0.875;1.0;3T3;optoRhoA;M450;4503;0;5.0;1_50;1s;;;;;;;False;3;500;302_133;labview;
22-08-26;M4;compressionsLowStart;none;20um fibronectin discs;100X;15.8;oil;0.875;1.0;3T3;optoRhoA;M450;4503;0;5.0;0.5_0.5;1s;;;;;;;False;3;500;436_200;labview;
22-08-26;M5;compressionsLowStart;none;20um fibronectin discs;100X;15.8;oil;0.875;1.0;3T3;optoRhoA;M450;4503;0;5.0;1_50;1s;1.0;;1.0;300;at beads;3.3;False;3;500;302_133;labview;
22-08-26;M6;compressionsLowStart;none;20um fibronectin discs;100X;15.8;oil;0.875;1.0;3T3;optoRhoA;M450;4503;0;5.0;1_50;1s;1.0;;1.0;300;at beads;3.3;False;3;500;302_133;labview;
22-08-26;M7;compressionsLowStart;none;20um fibronectin discs;100X;15.8;oil;0.875;1.0;3T3;optoRhoA;M450;4503;0;5.0;1_50;1s;1.0;;1.0;300;away from beads;3.3;False;3;500;302_133;labview;
22-08-26;M8;compressionsLowStart;none;20um fibronectin discs;100X;15.8;oil;0.875;1.0;3T3;optoRhoA;M450;4503;0;5.0;0.5_0.5;1s;1.0;;1.0;300;at beads;3.3;False;3;500;436_200;labview;
22-08-26;M9;compressionsLowStart;none;20um fibronectin discs;100X;15.8;oil;0.875;1.0;3T3;optoRhoA;M450;4503;0;15.0;15_15;1s;1.0;;1.0;300;at beads;3.3;False;3;500;217_90;labview;
22-08-26;M10;compressionsLowStart;none;20um fibronectin discs;100X;15.8;oil;0.875;1.0;3T3;optoRhoA;M450;4503;0;5.0;1_50;1s;1.0;15;1.0;300;at beads;3.3;False;3;500;302_133;labview;
22-10-05;M1;compressionsLowStart;none;20um fibronectin discs;100X;15.8;oil;0.875;1.0;3T3;aSFL;M450;4503;0;5.0;1_50;1s;;;1.0;;;;False;3;500;302_133;labview;
22-10-05;M2;compressionsLowStart;none;20um fibronectin discs;100X;15.8;oil;0.875;1.0;3T3;aSFL;M450;4503;0;5.0;1_50;1.5s;;;1.0;;;;False;3;500;436_200;labview;
22-10-06;M1;compressionsLowStart;none;20um fibronectin discs;100X;15.8;oil;0.875;1.0;3T3;optoRhoA;M450;4503;0;5.0;1_50;1.5s;;;1.0;;;;False;3;500;436_200;labview;
22-10-06;M2;compressionsLowStart;none;20um fibronectin discs;100X;15.8;oil;0.875;1.0;3T3;optoRhoA;M450;4503;0;5.0;1_50;1.5s;1.0;;1.0;300;at beads;3.3;False;3;500;436_200;labview;
22-10-06;M3;compressionsLowStart;none;20um fibronectin discs;100X;15.8;oil;0.875;1.0;3T3;optoRhoA;M450;4503;0;10.0;1_50;1.5s;;;;;;;False;3;500;436_200;labview;
22-10-06;M4;compressionsLowStart;none;20um fibronectin discs;100X;15.8;oil;0.875;1.0;3T3;optoRhoA;M450;4503;0;10.0;1_50;1.5s;1.0;;1.0;300;at beads;3.3;False;3;500;436_200;labview;
22-10-06;M5;compressionsLowStart;none;20um fibronectin discs;100X;15.8;oil;0.875;1.0;3T3;optoRhoA;M450;4503;0;15.0;1_50;1.5s;;;;;;;False;3;500;436_200;labview;
22-10-06;M6;compressionsLowStart;none;20um fibronectin discs;100X;15.8;oil;0.875;1.0;3T3;optoRhoA;M450;4503;0;15.0;1_50;1.5s;1.0;;1.0;300;at beads;3.3;False;3;500;436_200;labview;
23-09-20;M1;compressionsLowStart;none;20um fibronectin discs;100X;15.8;oil;0.875;1.0;dicty;dicty;M450;4503;0;5.0;3_40;1.5s;;;;;;;False;3;500;19_167;labview;
23-09-20;M2;compressionsLowStart;none;20um fibronectin discs;100X;15.8;oil;0.875;1.0;dicty;dicty;M450;4503;0;5.0;3_40;1.5s;;;;;;;False;3;500;19_167;labview;
23-09-20;M3;compressionsLowStart;none;20um fibronectin discs;100X;15.8;oil;0.875;1.0;dicty;dicty;M450;4503;0;5.0;3_40;1.5s;;;;;;;False;3;500;19_167;labview;
22-12-07;M1;compressionsLowStart;Y27_50;20um fibronectin discs;100X;15.8;oil;0.875;1.0;3T3;optoRhoA;M450;4510;0;14.0;1_50;1.5s;;;;;;;False;3;500;436_200;labview;
22-12-07;M2;compressionsLowStart;Y27_50;20um fibronectin discs;100X;15.8;oil;0.875;1.0;3T3;optoRhoA;M450;4510;0;14.0;1_50;1.5s;1.0;;1.0;300;at beads;3.3;False;3;500;436_200;labview;
22-12-07;M3;compressionsLowStart;Y27_50;20um fibronectin discs;100X;15.8;oil;0.875;1.0;3T3;optoRhoA;M450;4510;0;14.0;1_50;1.5s;1.0;;1.0;300;away from beads;3.3;False;3;500;436_200;labview;
22-12-07;M4;compressionsLowStart;none;20um fibronectin discs;100X;15.8;oil;0.875;1.0;3T3;optoRhoA;M450;4510;0;14.0;1_50;1.5s;;;;;;;False;3;500;436_200;labview;
22-12-07;M5;compressionsLowStart;none;20um fibronectin discs;100X;15.8;oil;0.875;1.0;3T3;optoRhoA;M450;4510;0;14.0;1_50;1.5s;1.0;;1.0;300;at beads;3.3;False;3;500;436_200;labview;
22-12-07;M6;compressionsLowStart;none;20um fibronectin discs;100X;15.8;oil;0.875;1.0;3T3;optoRhoA;M450;4510;0;14.0;1_50;1.5s;1.0;;1.0;300;away from beads;3.3;False;3;500;436_200;labview;
22-12-07;M7;compressionsLowStart;none;20um fibronectin discs;100X;15.8;oil;0.875;1.0;3T3;optoRhoA;M450;4510;0;14.0;1_50;1.5s;1.0;4;1.0;300;at beads;3.3;False;3;500;436_200;labview;
22-12-07;M8;compressionsLowStart;none;20um fibronectin discs;100X;15.8;oil;0.875;1.0;3T3;optoRhoA;M450;4510;0;14.0;1_50;1.5s;1.0;3;1.0;300;at beads;3.3;False;3;500;436_200;labview;
22-12-07;M9;compressionsLowStart;none;20um fibronectin discs;100X;15.8;oil;0.875;1.0;3T3;optoRhoA;M450;4510;0;14.0;1_50;1.5s;1.0;5;1.0;300;at beads;3.3;False;3;500;436_200;labview;
21-04-21;M1;constant field;none;20um fibronectin discs;100X;15.8;oil;0.875;1.0;3T3;aSFL;M450;4503;0;5.0;;;;;;;;;True;3;500;297;labview;
21-04-21;M2;constant field;none;20um fibronectin discs;100X;15.8;oil;0.875;1.0;3T3;aSFL;M450;4503;0;5.0;;;;;;;;;True;3;500;297;labview;
23-01-23;M1;compressionsLowStart;none;20um fibronectin discs;100X;15.8;oil;0.875;1.014;3T3;optoRhoA. low expressing;M450;4510;0;14.0;1_50;1.5s;;;;;;;False;3;500;436_200;labview;
23-01-23;M2;compressionsLowStart;none;20um fibronectin discs;100X;15.8;oil;0.875;1.014;3T3;optoRhoA. low expressing;M450;4510;0;14.0;1_50;1.5s;1.0;;1.0;300;at beads;3.3;False;3;500;436_200;labview;
23-01-23;M3;compressionsLowStart;none;20um fibronectin discs;100X;15.8;oil;0.875;1.06;3T3;optoRhoA. low expressing;M450;4510;0;14.0;2_50;1.5s;;;;;;;False;3;500;436_200;labview;
23-01-23;M4;compressionsLowStart;none;20um fibronectin discs;100X;15.8;oil;0.875;1.06;3T3;optoRhoA. low expressing;M450;4510;0;14.0;2_50;1.5s;1.0;;1.0;300;at beads;3.3;False;3;500;436_200;labview;
23-02-02;M1;compressionsLowStart;none;20um fibronectin discs;100X;15.8;oil;0.875;1.014;3T3;optoRhoA;M450;4510;0;15.0;2_50;1.5s;;;;;;;False;3;500;436_200;labview;
23-02-02;M2;compressionsLowStart;none;20um fibronectin discs;100X;15.8;oil;0.875;1.014;3T3;optoRhoA;M450;4510;0;14.0;2_50;1.5s;1.0;;1.0;300;at beads;3.3;False;3;500;436_200;labview;
23-02-02;M3;compressionsLowStart;Y27_10;20um fibronectin discs;100X;15.8;oil;0.875;1.093;3T3;optoRhoA;M450;4510;0;14.0;2_50;1.5s;;;;;;;False;3;500;436_200;labview;
23-02-02;M4;compressionsLowStart;Y27_10;20um fibronectin discs;100X;15.8;oil;0.875;1.093;3T3;optoRhoA;M450;4510;0;14.0;2_50;1.5s;1.0;;1.0;300;at beads;3.3;False;3;500;436_200;labview;
23-02-02;M5;compressionsLowStart;Y27_0.1;20um fibronectin discs;100X;15.8;oil;0.875;1.041;3T3;optoRhoA;M450;4510;0;15.0;2_50;1.5s;;;;;;;False;3;500;436_200;labview;
23-02-02;M6;compressionsLowStart;Y27_0.1;20um fibronectin discs;100X;15.8;oil;0.875;1.041;3T3;optoRhoA;M450;4510;0;15.0;2_50;1.5s;1.0;;1.0;300;at beads;3.3;False;3;500;436_200;labview;
23-02-02;M7;compressionsLowStart;Y27_1;20um fibronectin discs;100X;15.8;oil;0.875;1.041;3T3;optoRhoA;M450;4510;0;15.0;2_50;1.5s;;;;;;;False;3;500;436_200;labview;
23-02-02;M8;compressionsLowStart;Y27_1;20um fibronectin discs;100X;15.8;oil;0.875;1.041;3T3;optoRhoA;M450;4510;0;15.0;2_50;1.5s;1.0;;1.0;300;at beads;3.3;False;3;500;436_200;labview;
23-03-28;M1;compressionsLowStart;none;20um fibronectin discs;100X;15.8;oil;0.875;1.17;3T3 ATCC;optoLARG;M450;4510;0;15.0;2.5_50;1.5s;;;;;;;False;3;500;436_200;labview;
23-03-28;M2;compressionsLowStart;none;20um fibronectin discs;100X;15.8;oil;0.875;1.17;3T3 ATCC;optoLARG;M450;4510;0;15.0;2.5_50;1.5s;1.0;;1.0;300;at beads;3.3;False;3;500;436_200;labview;
23-03-28;M3;compressionsLowStart;none;20um fibronectin discs;100X;15.8;oil;0.875;1.17;3T3 ATCC;optoLARG;M450;4510;0;15.0;2.5_50;1.5s;1.0;;1.0;300;away from beads;3.3;False;3;500;436_200;labview;
23-03-24;M1;compressionsLowStart;blebbi_10;20um fibronectin discs;100X;15.8;oil;0.875;1.17;3T3;optoRhoA;M450;4510;0;15.0;2.5_50;1.5s;;;;;;;False;3;500;436_200;labview;
23-03-24;M2;compressionsLowStart;blebbi_10;20um fibronectin discs;100X;15.8;oil;0.875;1.17;3T3;optoRhoA;M450;4510;0;15.0;2.5_50;1.5s;1.0;;1.0;300;at beads;3.3;False;3;500;436_200;labview;
23-03-24;M3;compressionsLowStart;dmso;20um fibronectin discs;100X;15.8;oil;0.875;1.17;3T3;optoRhoA;M450;4510;0;15.0;2.5_50;1.5s;;;;;;;False;3;500;436_200;labview;
23-03-24;M4;compressionsLowStart;dmso;20um fibronectin discs;100X;15.8;oil;0.875;1.17;3T3;optoRhoA;M450;4510;0;15.0;2.5_50;1.5s;1.0;;1.0;300;at beads;3.3;False;3;500;436_200;labview;
23-04-19;M1;compressionsLowStart;none;20um fibronectin discs;100X;15.8;oil;0.875;0.92;3T3;optoRhoA;M450;4510;0;15.0;2.5_50;1.5s;;;;;;;False;3;500;436_200;labview;
23-04-19;M2;compressionsLowStart;activation;20um fibronectin discs;100X;15.8;oil;0.875;0.92;3T3;optoRhoA;M450;4510;0;15.0;2.5_50;1.5s;1.0;;1.0;300;global;3.3;False;3;500;436_200;labview;
23-04-19;M3;compressionsLowStart;activation;20um fibronectin discs;100X;15.8;oil;0.875;0.92;3T3;optoRhoA;M450;4510;0;15.0;2.5_50;1.5s;1.0;1;1.0;300;global;3.3;False;3;500;436_200;labview;
23-04-25;M1;compressionsLowStart;none;20um fibronectin discs;100X;15.8;oil;0.875;0.9;3T3;optoRhoA;M450;4510;0;15.0;2.5_50;1.5s;;;;;;;False;3;500;436_200;labview;
23-04-25;M2;compressionsLowStart;activation;20um fibronectin discs;100X;15.8;oil;0.875;0.9;3T3;optoRhoA;M450;4510;0;15.0;2.5_50;1.5s;1.0;;3.0;300;global;3.3;False;3;500;436_200;labview;
23-04-25;M3;compressionsLowStart;Y27_10;20um fibronectin discs;100X;15.8;oil;0.875;0.9;3T3;optoRhoA;M450;4510;0;15.0;2.5_50;1.5s;;;;;;;False;3;500;436_200;labview;
23-04-25;M4;compressionsLowStart;Y27_10;20um fibronectin discs;100X;15.8;oil;0.875;0.9;3T3;optoRhoA;M450;4510;0;15.0;2.5_50;1.5s;1.0;;3.0;300;global;3.3;False;3;500;436_200;labview;
23-02-16;M1;compressionsLowStart;dmso;20um fibronectin discs;100X;15.8;oil;0.875;0.94;3T3;Atcc-2023;M450;4477;0;5.0;2.5_50;1.5s;;;;;;;False;3;500;436_200;labview;JV Data
23-02-16;M2;compressionsLowStart;blebbistatin;20um fibronectin discs;100X;15.8;oil;0.875;0.95;3T3;Atcc-2023;M450;4477;0;5.0;2.5_50;1.5s;;;;;;;False;3;500;436_200;labview;JV Data
23-02-23;M1;compressionsLowStart;none;20um fibronectin discs;100X;15.8;oil;0.875;0.99;3T3;Atcc-2023;M450;4477;0;5.0;2.5_50;1.5s;;;;;;;False;3;500;436_200;labview;JV Data
23-02-23;M2;compressionsLowStart;PNB;20um fibronectin discs;100X;15.8;oil;0.875;1.066;3T3;Atcc-2023;M450;4477;0;5.0;2.5_50;1.5s;;;;;;;False;3;500;436_200;labview;JV Data
23-02-23;M3;compressionsLowStart;dmso;20um fibronectin discs;100X;15.8;oil;0.875;0.95;3T3;Atcc-2023;M450;4477;0;5.0;2.5_50;1.5s;;;;;;;False;3;500;436_200;labview;JV Data
23-02-23;M4;compressionsLowStart;PNB;20um fibronectin discs;100X;15.8;oil;0.875;0.97;3T3;Atcc-2023;M450;4477;0;5.0;2.5_50;1.5s;;;;;;;False;3;500;436_200;labview;JV Data
23-03-08;M1;compressionsLowStart;Y27;20um fibronectin discs;100X;15.8;oil;0.875;0.98;3T3;Atcc-2023;M450;4477;0;5.0;2.5_50;1.5s;;;;;;;False;3;500;436_200;labview;JV Data
23-03-08;M2;compressionsLowStart;Y27;20um fibronectin discs;100X;15.8;oil;0.875;0.95;3T3;Atcc-2023;M450;4477;0;5.0;2.5_50;1.5s;;;;;;;False;3;500;436_200;labview;JV Data
23-03-08;M3;compressionsLowStart;none;20um fibronectin discs;100X;15.8;oil;0.875;0.96;3T3;Atcc-2023;M450;4477;0;5.0;2.5_50;1.5s;;;;;;;False;3;500;436_200;labview;JV Data
23-03-09;M4;compressionsLowStart;none;20um fibronectin discs;100X;15.8;oil;0.875;0.99;3T3;Atcc-2023;M450;4477;0;5.0;2.5_50;1.5s;;;;;;;False;3;500;436_200;labview;JV Data
23-03-09;M5;compressionsLowStart;none;15um fibronectin discs;100X;15.8;oil;0.875;0.99;3T3;Atcc-2023;M450;4477;0;5.0;2.5_50;1.5s;;;;;;;False;3;500;436_200;labview;JV Data
23-03-09;M6;compressionsLowStart;none;25um fibronectin discs;100X;15.8;oil;0.875;0.99;3T3;Atcc-2023;M450;4477;0;5.0;2.5_50;1.5s;;;;;;;False;3;500;436_200;labview;JV Data
23-03-16;M1;compressionsLowStart;dmso;20um fibronectin discs;100X;15.8;oil;0.875;0.995;3T3;Atcc-2023;M450;4477;0;5.0;2.5_50;1.5s;;;;;;;False;3;500;436_200;labview;JV Data
23-03-16;M2;compressionsLowStart;blebbistatin;20um fibronectin discs;100X;15.8;oil;0.875;0.994;3T3;Atcc-2023;M450;4477;0;5.0;2.5_50;1.5s;;;;;;;False;3;500;436_200;labview;JV Data
23-03-17;M3;compressionsLowStart;blebbistatin;20um fibronectin discs;100X;15.8;oil;0.875;0.95;3T3;Atcc-2023;M450;4477;0;5.0;2.5_50;1.5s;;;;;;;False;3;500;436_200;labview;JV Data
23-03-17;M4;compressionsLowStart;dmso;20um fibronectin discs;100X;15.8;oil;0.875;0.99;3T3;Atcc-2023;M450;4477;0;5.0;2.5_50;1.5s;;;;;;;False;3;500;436_200;labview;JV Data
23-05-10;M1;compressionsLowStart;none;20um fibronectin discs;100X;15.8;oil;0.875;0.96;3T3;optoRhoA;M450;4510;0;15.0;2.5_50;1.5s;;;;;;;False;3;500;436_200;labview;
23-05-10;M2;compressionsLowStart;activation;20um fibronectin discs;100X;15.8;oil;0.875;0.96;3T3;optoRhoA;M450;4510;0;15.0;2.5_50;1.5s;1.0;5;3.0;150;global;3.3;False;3;500;436_200;labview;
23-05-10;M3;compressionsLowStart;none;20um fibronectin discs;100X;15.8;oil;0.875;0.93;3T3;optoRhoA;M450;4510;0;15.0;0.5_50;1.5s;;;;;;;False;3;500;436_200;labview;
23-05-10;M4;compressionsLowStart;activation;20um fibronectin discs;100X;15.8;oil;0.875;0.93;3T3;optoRhoA;M450;4510;0;15.0;0.5_50;1.5s;1.0;;3.0;150;global;3.3;False;3;500;436_200;labview;
23-05-10;M5;compressionsLowStart;activation;20um fibronectin discs;100X;15.8;oil;0.875;0.93;3T3;optoRhoA;M450;4510;0;15.0;0.5_50;1.5s;1.0;8;3.0;150;global;3.3;False;3;500;436_200;labview;
23-05-23;M1;compressionsLowStart;none;20um fibronectin discs;100X;15.8;oil;0.875;0.974;3T3;optoRhoA;M450;4510;0;15.0;1_50;1.5s;;;;;;;False;3;500;436_200;labview;
23-05-23;M2;compressionsLowStart;activation;20um fibronectin discs;100X;15.8;oil;0.875;0.974;3T3;optoRhoA;M450;4510;0;15.0;1_50;1.5s;1.0;;3.0;200;at beads;3.3;False;3;500;436_200;labview;
23-05-23;M3;compressionsLowStart;activation;20um fibronectin discs;100X;15.8;oil;0.875;0.974;3T3;optoRhoA;M450;4510;0;15.0;1_50;1.5s;1.0;;3.0;200;at beads;3.3;False;3;500;436_200;labview	;
23-06-28;M1;compressionsLowStart;none;20um fibronectin discs;100X;15.8;oil;0.875;0.928;3T3;optoRhoA;M450;4510;0;5.0;1_50;1.5s;;;;;;;False;3;500;436_200;labview;
23-07-07;M1;compressionsLowStart;none;20um fibronectin discs;100X;15.8;oil;0.875;0.93;3T3;optoRhoA;M450;4510;0;5.0;1_50;1.5s;;;;;;;False;3;500;436_200;labview;
23-07-07;M2;compressionsLowStart;none;20um fibronectin discs;100X;15.8;oil;0.875;0.9;3T3;optoRhoA;M450;4510;0;15.0;1_50;1.5s;;;;;;;False;3;500;436_200;labview;
23-07-12;M1;compressionsLowStart;none;20um fibronectin discs;100X;15.8;oil;0.875;0.95;3T3;optoRhoA;M450;4510;0;15.0;1_50;1.5s;;;;;;;False;3;500;436_200;labview;
23-07-12;M2;compressionsLowStart;none;20um fibronectin discs;100X;15.8;oil;0.875;0.95;3T3;optoRhoA;M450;4510;0;15.0;1_50;1.5s;1.0;;3.0;200;at beads;3.3;False;3;500;436_200;labview;
23-07-12;M3;compressionsLowStart;none;20um fibronectin discs;100X;15.8;oil;0.875;0.95;3T3;optoRhoA;M450;4510;0;15.0;1_50;1.5s;1.0;;1.0;200;at beads;3.3;False;3;500;436_200;labview;
23-09-21;M1;constant field;none;20um fibronectin discs;100X;7.4588;oil;0.875;;3T3;optoRhoA;M450;4510;0;15.0;;;;;;;;;False;3;500;12;zen;
23-09-21;M2;constant field;activation;20um fibronectin discs;100X;7.4588;oil;0.875;;3T3;optoRhoA;M450;4510;0;15.0;;;;;;;;;False;3;500;12;zen;
23-09-21;M3;constant field;none;20um fibronectin discs;100X;7.4588;oil;0.875;;3T3;optoRhoA;M450;4510;0;15.0;;;;;;;;;False;3;500;12;zen;
23-09-21;M4;constant field;activation;20um fibronectin discs;100X;7.4588;oil;0.875;;3T3;optoRhoA;M450;4510;0;15.0;;;;;;;;;False;3;500;12;zen;
23-10-19;M1;compressionsLowStart;none;epithelium;100X;15.8;oil;0.875;0.98;MDCK;WT;M450;4500;0;15.0;1_50;1.5s;1.0;;6.0;200;normal fluoro;3.3;False;3;500;436_200;labview;With Hugo Lachuer
23-10-25;M1;compressionsLowStart;none;20um fibronectin discs;100X;15.8;oil;0.875;0.98;HeLa;fucci;M450;4510;0;5.0;1_50;1.5s;;;;;;;True;3;500;436_200;labview;s
23-10-25;M2;compressionsLowStart;none;20um fibronectin discs;100X;15.8;oil;0.875;0.98;HeLa;fucci;M450;4510;0;5.0;1_50;1.5s;;;;;;;False;3;500;436_200;labview;With Pelin Sar
23-10-29;M1;compressionsLowStart;none;20um fibronectin discs;100X;15.8;oil;0.875;0.98;3T3;optoRhoA;M450;4510;0;15.0;1_50;1.5s;;;;;;;False;3;500;;labview;
23-10-29;M2;compressionsLowStart;none;20um fibronectin discs;100X;15.8;oil;0.875;0.98;3T3;optoRhoA;M450;4510;0;15.0;1_50;1.5s;;;;;;;False;3;500;;labview;
23-10-29;M3;compressionsLowStart;none;20um fibronectin discs;100X;15.8;oil;0.875;0.98;3T3;optoRhoA;M450;4510;0;15.0;1_50;1.5s;;;;;;;False;3;500;;labview;
23-10-29;M1-1;compressionsLowStart;none;20um fibronectin discs;100X;15.8;oil;0.875;0.98;3T3;optoRhoA;M450;4510;0;15.0;1_50;1.5s;1.0;;1.0;200;at beads;3.3;False;3;500;;labview	;
23-10-29;M2-1;compressionsLowStart;none;20um fibronectin discs;100X;15.8;oil;0.875;0.98;3T3;optoRhoA;M450;4510;0;15.0;1_50;1.5s;1.0;;1.0;200;at beads;3.3;False;3;500;;labview	;
23-10-31;M1;constant field;none;20um fibronectin discs;100X;7.4588;oil;0.875;1.0;HeLa;fucci;M450;4510;0;3.6;;;;;;;;;False;3;500;3;zen;With Pelin Sar
23-10-22;M1;constant field;none;20um fibronectin discs;100X;7.4588;oil;0.875;0.942;HeLa;fucci;M450;4510;0;5.0;;;;;;;;;False;3;500;3;zen;With Pelin Sar
