author;tags;date;manip;experimentType;drug;concentration;substrate;microscope;objective magnification;scale pixel per um;objective immersion;optical index correction;magnetic field correction;cell type;cell subtype;bead type;bead diameter;beads bright spot delta;normal field;ramp field;compression duration;with fluo images;normal field multi images;multi image Z step;loop structure;manipID;date_T0;first activation;last activation;activation frequency;activation exp;activation type;power
_JV;;01-01-01;DEFAULT;DEFAULT;DEFAULT;0.0;DEFAULT;labview;100X;15.8;oil;0.875;1.0;DEFAULT;DEFAULT;M450;4500;0;5;3_40;1s;False;3;500;143_95	;01-01-01_DEFAULT;;;;;;;
_JV;Valentin. DC.;18-08-28;M1;compressions;dmso;0.0;BSA coated glass;old-labview;100X;15.8;oil;0.875;1.0;DC;mouse-primary;M450;4453;0;8;8_80;1s;False;3;200;179_95;18-08-28_M1;4324.256;;;;;;
_JV;Valentin. DC.;18-08-28;M2;compressions;dmso;0.0;BSA coated glass;old-labview;100X;15.8;oil;0.875;1.0;DC;mouse-primary;M450;4453;0;8;8_80;1s;False;3;200;179_95;18-08-28_M2;4324.256;;;;;;
_JV;Valentin. DC.;18-09-24;M1;compressions;CK666;0.0;BSA coated glass;old-labview;100X;15.8;oil;0.875;1.0;DC;mouse-primary;M450;4453;0;8;8_80;1s;False;3;200;179_95;18-09-24_M1;245708.326;;;;;;
_JV;Valentin. DC.;18-09-24;M2;compressions;dmso;0.0;BSA coated glass;old-labview;100X;15.8;oil;0.875;1.0;DC;mouse-primary;M450;4453;0;8;8_80;1s;False;3;200;179_95;18-09-24_M2;245708.326;;;;;;
_JV;Valentin. DC.;18-09-24;M3;compressions;smifh2;0.0;BSA coated glass;old-labview;100X;15.8;oil;0.875;1.0;DC;mouse-primary;M450;4453;0;8;8_80;1s;False;3;200;179_95;18-09-24_M3;245708.326;;;;;;
_JV;Valentin. DC.;18-09-25;M1;compressions;latrunculinA;0.0;BSA coated glass;old-labview;100X;15.8;oil;0.875;1.0;DC;mouse-primary;M450;4453;0;8;8_80;1s;False;3;200;179_95;18-09-25_M1;17200.829;;;;;;
_JV;Valentin. DC.;18-09-25;M2;compressions;smih2;0.0;BSA coated glass;old-labview;100X;15.8;oil;0.875;1.0;DC;mouse-primary;M450;4453;0;8;8_80;1s;False;3;200;179_95;18-09-25_M2;17200.829;;;;;;
_JV;Valentin. DC.;18-09-25;M3;compressions;dmso;0.0;BSA coated glass;old-labview;100X;15.8;oil;0.875;1.0;DC;mouse-primary;M450;4453;0;8;8_80;1s;False;3;200;179_95;18-09-25_M3;17200.829;;;;;;
_JV;Valentin. DC.;18-09-25;M4;compressions;CK666;0.0;BSA coated glass;old-labview;100X;15.8;oil;0.875;1.0;DC;mouse-primary;M450;4453;0;8;8_80;1s;False;3;200;179_95;18-09-25_M4;17200.829;;;;;;
_JV;Valentin. DC.;18-10-30;M2;compressions;blebbistatin;0.0;BSA coated glass;old-labview;100X;15.8;oil;0.875;1.0;DC;mouse-primary;M450;4453;0;8;8_80;1s;False;3;200;179_95;18-10-30_M2;;;;;;;
_JV;Valentin. DC.;18-10-30;M3;compressions;calA;0.0;BSA coated glass;old-labview;100X;15.8;oil;0.875;1.0;DC;mouse-primary;M450;4453;0;8;8_80;1s;False;3;200;179_95;18-10-30_M3;;;;;;;
_JV;Valentin. DC.;18-10-30;M4;compressions;dmso;0.0;BSA coated glass;old-labview;100X;15.8;oil;0.875;1.0;DC;mouse-primary;M450;4453;0;8;8_80;1s;False;3;200;179_95;18-10-30_M4;;;;;;;
_JV;Valentin. DC.;18-12-12;M1;compressions;dmso;0.0;BSA coated glass;old-labview;100X;15.8;oil;0.875;1.0;DC;mouse-primary;M450;4453;0;8;8_80;1s;False;3;200;179_95;18-12-12_M1;;;;;;;
_JV;;20-08-04;M1;compressions and constant field;none;0.0;BSA coated glass;labview;100X;15.8;oil;0.875;1.15;3T3;aSFL-A11;M450;4503;0;10;3_40;1s;False;3;500;143_95;20-08-04_M1;42691.954;;;;;;
_JV;;20-08-04;M2;compressions and constant field;doxycyclin;0.0;BSA coated glass;labview;100X;15.8;oil;0.875;1.15;3T3;aSFL-A11;M450;4503;0;10;3_40;1s;False;3;500;143_95;20-08-04_M2;42691.954;;;;;;
_JV;;20-08-05;M1;compressions and constant field;doxycyclin;0.0;BSA coated glass;labview;100X;15.8;oil;0.875;1.15;3T3;aSFL-A11;M450;4503;0;10;3_40;1s;False;3;500;143_95;20-08-05_M1;16973.083;;;;;;
_JV;;20-08-05;M2;compressions and constant field;none;0.0;BSA coated glass;labview;100X;15.8;oil;0.875;1.15;3T3;aSFL-A11;M450;4503;0;10;3_40;1s;False;3;500;143_95;20-08-05_M2;16973.083;;;;;;
_JV;;20-08-07;M1;compressions and constant field;doxycyclin;0.0;BSA coated glass;labview;100X;15.8;oil;0.875;1.15;3T3;aSFL-A11;M450;4503;0;10;3_40;1s;False;3;500;143_95;20-08-07_M1;77596.08;;;;;;
_JV;;20-08-07;M2;compressions and constant field;none;0.0;BSA coated glass;labview;100X;15.8;oil;0.875;1.15;3T3;aSFL-A11;M450;4503;0;10;3_40;1s;False;3;500;143_95;20-08-07_M2;77596.08;;;;;;
_JV;;20-12-16;M1;constant field;none;0.0;20um fibronectin discs;labview;100X;15.8;oil;0.875;1.26;3T3;aSFL-A11;M450;4503;0;5;;;False;3;500;36;20-12-16_M1;;;;;;;
_JV;;20-12-16;M2;constant field;none;0.0;20um fibronectin discs;labview;100X;15.8;oil;0.875;1.26;3T3;aSFL-A11;M450;4503;0;5;;;False;3;500;36;20-12-16_M2;;;;;;;
_JV;MCA1. StandardLinkerCellLine. ;21-01-18;M1-1;compressions;doxycyclin;0.0;20um fibronectin discs;labview;100X;15.8;oil;0.875;1.23;3T3;aSFL-A11;M450;4503;0;5;3_40;1s;False;3;500;169_133;21-01-18_M1-1;16717.405;;;;;;
_JV;MCA1. StandardLinkerCellLine. ;21-01-18;M1-2;compressions;doxycyclin;0.0;20um fibronectin discs;labview;100X;15.8;oil;0.875;1.23;3T3;aSFL-A11;M450;4503;0;5;3_40;1s;True;3;500;169_133;21-01-18_M1-2;16717.405;;;;;;
_JV;MCA1. StandardLinkerCellLine. ;21-01-18;M2;compressions;none;0.0;20um fibronectin discs;labview;100X;15.8;oil;0.875;1.23;3T3;aSFL-A11;M450;4503;0;5;3_40;1s;True;3;500;169_133;21-01-18_M2;16717.405;;;;;;
_JV;MCA1. StandardLinkerCellLine. ;21-01-18;M3;compressions;doxycyclin;0.0;20um fibronectin discs;labview;100X;15.8;oil;0.875;1.23;3T3;aSFL-A11;M450;4503;0;5;3_40;1s;True;3;500;169_133;21-01-18_M3;16717.405;;;;;;
_JV;MCA1. StandardLinkerCellLine. ;21-01-21;M1;compressions;none;0.0;20um fibronectin discs;labview;100X;15.8;oil;0.875;1.23;3T3;aSFL-A11;M450;4503;0;5;3_40;1s;True;3;500;169_133;21-01-21_M1;9171.077;;;;;;
_JV;MCA1. StandardLinkerCellLine. ;21-01-21;M2;compressions;doxycyclin;0.0;20um fibronectin discs;labview;100X;15.8;oil;0.875;1.23;3T3;aSFL-A11;M450;4503;0;5;3_40;1s;True;3;500;169_133;21-01-21_M2;9171.077;;;;;;
_JV;MCA1. StandardLinkerCellLine. ;21-01-21;M3;compressions;none;0.0;20um fibronectin discs;labview;100X;15.8;oil;0.875;1.23;3T3;aSFL-A11;M450;4503;0;5;3_40;1s;True;3;500;169_133;21-01-21_M3;9171.077;;;;;;
_JV;MCA1. StandardLinkerCellLine. ;21-02-10;M1;constant field;none;0.0;20um fibronectin discs;labview;100X;15.8;oil;0.875;1.2;3T3;aSFL-A11;M450;4503;0;5;;;True;3;500;298_0_1;21-02-10_M1;17488.271;;;;;;
_JV;MCA1. StandardLinkerCellLine. ;21-02-10;M2;constant field;doxycyclin;0.0;20um fibronectin discs;labview;100X;15.8;oil;0.875;1.2;3T3;aSFL-A11;M450;4503;0;5;;;True;3;500;298_0_1;21-02-10_M2;17488.271;;;;;;
_JV;Anumita. ;21-02-15;M1;constant field;none;0.0;diverse fibronectin discs;labview;100X;15.8;oil;0.875;1.1;3T3;aSFL-A11;M450;4503;0;5;;;False;3;500;352_0;21-02-15_M1;19600.958;;;;;;
_JV;Anumita. ;21-02-15;M2;constant field;none;0.0;diverse fibronectin discs;labview;100X;15.8;oil;0.875;1.1;3T3;aSFL-A11;M450;4503;0;5;;;False;3;500;90_0;21-02-15_M2;19600.958;;;;;;
_JV;Anumita. ;21-02-15;M3;constant field;none;0.0;diverse fibronectin discs;labview;100X;15.8;oil;0.875;1.1;3T3;aSFL-A11;M450;4503;0;5;;;False;3;500;90_0;21-02-15_M3;19600.958;;;;;;
_JV;MCA1. StandardLinkerCellLine. ;21-03-25;M1;constant field;doxycyclin;0.0;20um fibronectin discs;labview;100X;15.8;oil;0.875;1.12;3T3;aSFL-A11;M450;4503;0;5;;;True;3;500;298_0_1;21-03-25_M1;;;;;;;
_JV;MCA1. StandardLinkerCellLine. ;21-03-25;M2;constant field;none;0.0;20um fibronectin discs;labview;100X;15.8;oil;0.875;1.12;3T3;aSFL-A11;M450;4503;0;5;;;True;3;500;298_0_1;21-03-25_M2;;;;;;;
_JV;MCA1. StandardLinkerCellLine. ;21-04-21;M1;constant field;none;0.0;20um fibronectin discs;labview;100X;15.8;oil;0.875;1.15;3T3;aSFL-A11;M450;4503;0;5;;;True;3;500;298_0_1;21-04-21_M1;12147.949;;;;;;
_AJ;;21-04-21;M1;constant field;none;0.0;20um fibronectin discs;labview;100X;15.8;oil;0.875;1.0;3T3;aSFL;M450;4503;0;5;;;True;3;500;297;21-04-21_M1;12147.949;;;;;;
_JV;MCA1. StandardLinkerCellLine. ;21-04-21;M2;constant field;doxycyclin;0.0;20um fibronectin discs;labview;100X;15.8;oil;0.875;1.15;3T3;aSFL-A11;M450;4503;0;5;;;True;3;500;298_0_1;21-04-21_M2;12147.949;;;;;;
_AJ;;21-04-21;M2;constant field;none;0.0;20um fibronectin discs;labview;100X;15.8;oil;0.875;1.0;3T3;aSFL;M450;4503;0;5;;;True;3;500;297;21-04-21_M2;12147.949;;;;;;
_JV;MCA1. StandardLinkerCellLine. ;21-04-23;M1;constant field;doxycyclin;0.0;20um fibronectin discs;labview;100X;15.8;oil;0.875;1.15;3T3;aSFL-A11;M450;4503;0;5;;;True;3;500;298_0_1;21-04-23_M1;10232.944;;;;;;
_JV;MCA1. StandardLinkerCellLine. ;21-04-23;M2;constant field;none;0.0;20um fibronectin discs;labview;100X;15.8;oil;0.875;1.15;3T3;aSFL-A11;M450;4503;0;5;;;True;3;500;298_0_1;21-04-23_M2;10232.944;;;;;;
_JV;MCA1. LongLinkerCellLine. ;21-04-27;M1;compressions;none;0.0;20um fibronectin discs;labview;100X;15.8;oil;0.875;1.15;3T3;aSFL-E4;M450;4503;0;5;3_40;1s;True;3;500;169_133;21-04-27_M1;18615.478;;;;;;
_JV;MCA1. LongLinkerCellLine. ;21-04-27;M2;compressions;doxycyclin;0.0;20um fibronectin discs;labview;100X;15.8;oil;0.875;1.15;3T3;aSFL-E4;M450;4503;0;5;3_40;1s;True;3;500;169_133;21-04-27_M2;18615.478;;;;;;
_JV;MCA1. LongLinkerCellLine. ;21-04-28;M1;compressions;doxycyclin;0.0;20um fibronectin discs;labview;100X;15.8;oil;0.875;1.15;3T3;aSFL-E4;M450;4503;0;5;3_40;1s;False;3;500;169_133;21-04-28_M1;13904.263;;;;;;
_JV;MCA1. LongLinkerCellLine. ;21-04-28;M2;compressions;none;0.0;20um fibronectin discs;labview;100X;15.8;oil;0.875;1.15;3T3;aSFL-E4;M450;4503;0;5;3_40;1s;False;3;500;169_133;21-04-28_M2;13904.263;;;;;;
_JV;Asymetric;21-05-21;M1;compressions;none;0.0;20um fibronectin discs;labview;100X;15.8;oil;0.875;1.1;3T3;aSFL-A11;M450_M270;4503_2691;400;5;3_40;1s;True;3;500;169_133;21-05-21_M1;;;;;;;
_JV;MCA1. HighExpressorCellLine. ;21-06-16;M1;compressions;none;0.0;20um fibronectin discs;labview;100X;15.8;oil;0.875;1.1;3T3;aSFL-A8;M450;4503;0;5;3_40;1s;True;3;500;169_133;21-06-16_M1;14955.002;;;;;;
_JV;MCA1. HighExpressorCellLine. ;21-06-16;M2;compressions;doxycyclin;0.0;20um fibronectin discs;labview;100X;15.8;oil;0.875;1.1;3T3;aSFL-A8;M450;4503;0;5;3_40;1s;True;3;500;169_133;21-06-16_M2;14955.002;;;;;;
_JV;MCA1. HighExpressorCellLine. ;21-06-17;M1;compressions;doxycyclin;0.0;20um fibronectin discs;labview;100X;15.8;oil;0.875;1.1;3T3;aSFL-A8;M450;4503;0;5;3_40;1s;True;3;500;169_133;21-06-17_M1;14562.698;;;;;;
_JV;MCA1. HighExpressorCellLine. ;21-06-17;M2;compressions;none;0.0;20um fibronectin discs;labview;100X;15.8;oil;0.875;1.1;3T3;aSFL-A8;M450;4503;0;5;3_40;1s;True;3;500;169_133;21-06-17_M2;14562.698;;;;;;
_JV;Asymetric;21-07-08;M1-1;compressions;none;0.0;20um fibronectin discs;labview;100X;15.8;oil;0.875;1.1;3T3;aSFL-A11;M270_M450;2691_4503;400;5;3_40;1s;False;3;500;169_133;21-07-08_M1-1;15685.438;;;;;;
_JV;Asymetric;21-07-08;M1-2;compressions;none;0.0;20um fibronectin discs;labview;100X;15.8;oil;0.875;1.1;3T3;aSFL-A11;M270;2691;0;5;3_40;1s;False;3;500;169_133;21-07-08_M1-2;15685.438;;;;;;
_JV;Asymetric;21-07-08;M2;compressions;none;0.0;20um fibronectin discs;labview;100X;15.8;oil;0.875;1.1;3T3;aSFL-A11;M270;2691;0;5;3_40;1s;False;3;500;169_133;21-07-08_M2;15685.438;;;;;;
_JV;Asymetric;21-07-08;M3;compressions;none;0.0;20um fibronectin discs;labview;100X;15.8;oil;0.875;1.1;3T3;aSFL-A11;M450_M270;4503_2691;400;5;3_40;1s;False;3;500;169_133;21-07-08_M3;15685.438;;;;;;
_JV;Asymetric;21-07-08;M4;compressions;none;0.0;20um fibronectin discs;labview;100X;15.8;oil;0.875;1.1;3T3;aSFL-A11;M450;4503;0;5;3_40;1s;False;3;500;169_133;21-07-08_M4;15685.438;;;;;;
_JV;MCA2. Drugs. StandardLinkerCellLine. ;21-09-01;M1;compressions;dmso;0.0;20um fibronectin discs;labview;100X;15.8;oil;0.875;1.095;3T3;aSFL-A11;M450;4503;0;5;3_40;1s;False;3;500;169_133;21-09-01_M1;15913.941;;;;;;
_JV;MCA2. Drugs. StandardLinkerCellLine. ;21-09-01;M2;compressions;smifh2;0.0;20um fibronectin discs;labview;100X;15.8;oil;0.875;1.11;3T3;aSFL-A11;M450;4503;0;5;3_40;1s;False;3;500;169_133;21-09-01_M2;15913.941;;;;;;
_JV;MCA2. Drugs. StandardLinkerCellLine. ;21-09-02;M1;compressions;smifh2;0.0;20um fibronectin discs;labview;100X;15.8;oil;0.875;1.11;3T3;aSFL-A11;M450;4503;0;5;3_40;1s;False;3;500;169_133;21-09-02_M1;98624.141;;;;;;
_JV;MCA2. Drugs. StandardLinkerCellLine. ;21-09-02;M2;compressions;dmso;0.0;20um fibronectin discs;labview;100X;15.8;oil;0.875;1.11;3T3;aSFL-A11;M450;4503;0;5;3_40;1s;False;3;500;169_133;21-09-02_M2;98624.141;;;;;;
_JV;MCA2. Drugs. StandardLinkerCellLine. ;21-09-02;M3;compressions;smifh2. doxycyclin;0.0;20um fibronectin discs;labview;100X;15.8;oil;0.875;1.11;3T3;aSFL-A11;M450;4503;0;5;3_40;1s;True;3;500;169_133;21-09-02_M3;98624.141;;;;;;
_JV;MCA2. Drugs. StandardLinkerCellLine. ;21-09-02;M4;compressions;dmso. doxycyclin;0.0;20um fibronectin discs;labview;100X;15.8;oil;0.875;1.11;3T3;aSFL-A11;M450;4503;0;5;3_40;1s;True;3;500;169_133;21-09-02_M4;98624.141;;;;;;
_JV;MCA2. LongLinkerCellLine. ;21-09-08;M1;compressions;doxycyclin;0.0;20um fibronectin discs;labview;100X;15.8;oil;0.875;1.102;3T3;aSFL-F8;M450;4503;0;5;3_40;1s;False;3;500;169_133;21-09-08_M1;12855.023;;;;;;
_JV;MCA2. LongLinkerCellLine. ;21-09-08;M2;compressions;none;0.0;20um fibronectin discs;labview;100X;15.8;oil;0.875;1.14;3T3;aSFL-F8;M450;4503;0;5;3_40;1s;False;3;500;169_133;21-09-08_M2;12855.023;;;;;;
_JV;MCA2. LongLinkerCellLine. ;21-09-08;M3;compressions;none;0.0;20um fibronectin discs;labview;100X;15.8;oil;0.875;1.112;3T3;aSFL-F8;M450;4503;0;5;3_40;1s;True;3;500;169_133;21-09-08_M3;12855.023;;;;;;
_JV;MCA2. LongLinkerCellLine. ;21-09-08;M4;compressions;doxycyclin;0.0;20um fibronectin discs;labview;100X;15.8;oil;0.875;1.112;3T3;aSFL-F8;M450;4503;0;5;3_40;1s;True;3;500;169_133;21-09-08_M4;12855.023;;;;;;
_JV;MCA2. HighExpressorCellLine. ;21-09-09;M1;compressions;doxycyclin;0.0;20um fibronectin discs;labview;100X;15.8;oil;0.875;1.15;3T3;aSFL-A8-2;M450;4503;0;5;3_40;1s;True;3;500;169_133;21-09-09_M1;69586.906;;;;;;
_JV;MCA2. HighExpressorCellLine. ;21-09-09;M2;compressions;none;0.0;20um fibronectin discs;labview;100X;15.8;oil;0.875;1.154;3T3;aSFL-A8-2;M450;4503;0;5;3_40;1s;True;3;500;169_133;21-09-09_M2;69586.906;;;;;;
_JV;BeadSizes;21-10-18;M1;compressions;none;0.0;20um fibronectin discs;labview;100X;15.8;oil;0.875;1.114;3T3;aSFL-A11;M270;2691;0;5;5_40;1s;False;3;500;169_133;21-10-18_M1;19046.076;;;;;;
_JV;BeadSizes;21-10-18;M2;compressions;none;0.0;20um fibronectin discs;labview;100X;15.8;oil;0.875;1.1;3T3;aSFL-A11;M450;4503;0;1;1_10;1s;False;3;500;169_133;21-10-18_M2;19046.076;;;;;;
_JV;BeadSizes;21-10-25;M1;compressions;none;0.0;20um fibronectin discs;labview;100X;15.8;oil;0.875;1.14;3T3;aSFL-A11;M450;4503;0;1;1_10;1s;False;3;500;169_133;21-10-25_M1;14021.791;;;;;;
_JV;BeadSizes;21-10-25;M2;compressions;none;0.0;20um fibronectin discs;labview;100X;15.8;oil;0.875;1.1;3T3;aSFL-A11;M270;2691;0;5;5_40;1s;False;3;500;169_133;21-10-25_M2;14021.791;;;;;;
_JV;NonLin;21-12-08;M1;compressions;none;0.0;20um fibronectin discs;labview;100X;15.8;oil;0.875;1.094;3T3;aSFL-A11;M270;2691;0;14;14_54;1s;False;3;500;169_133;21-12-08_M1;21635.49;;;;;;
_JV;NonLin;21-12-08;M2;compressions;none;0.0;20um fibronectin discs;labview;100X;15.8;oil;0.875;1.094;3T3;aSFL-A11;M450;4503;0;5;5_13;1s;False;3;500;169_133;21-12-08_M2;21635.49;;;;;;
_AJ;;21-12-10;M1;optoGen;none;0.0;20um fibronectin discs;metamorph;100X;15.8;oil;0.875;1.0;3T3;optoRhoA;M450;4503;0;15;;;False;3;500;3000;21-12-10_M1;;;;;;;
_JV;NonLin;21-12-16;M1;compressions;none;0.0;20um fibronectin discs;labview;100X;15.8;oil;0.875;1.094;3T3;aSFL-A11;M450;4503;0;5;5_13;1s;False;3;500;169_133;21-12-16_M1;12811.276;;;;;;
_JV;NonLin;21-12-16;M2;compressions;none;0.0;20um fibronectin discs;labview;100X;15.8;oil;0.875;1.094;3T3;aSFL-A11;M270;2691;0;14;14_54;1s;False;3;500;169_133;21-12-16_M2;12811.276;;;;;;
_AJ;;21-12-20;M1;optoGen;none;0.0;20um fibronectin discs;metamorph;100X;15.8;oil;0.875;1.0;3T3;optoRhoA;M450;4503;0;15;;;False;3;500;3000;21-12-20_M1;;;;;;;
_AJ;;21-12-20;M2;optoGen;none;0.0;20um fibronectin discs;metamorph;100X;15.8;oil;0.875;1.0;3T3;optoRhoA;M450;4503;0;15;;;False;3;500;3000;21-12-20_M2;;;;;;;
_AJ;;21-12-20;M3;optoGen;none;0.0;20um fibronectin discs;metamorph;100X;15.8;oil;0.875;1.0;3T3;optoRhoA;M450;4503;0;15;;;False;3;500;3000;21-12-20_M3;;;;;;;
_JV;NonLin;22-01-12;M1;compressionsLowStart;none;0.0;20um fibronectin discs;labview;100X;15.8;oil;0.875;1.1;3T3;aSFL-A11;M270;2691;0;14;2_54;1s;False;3;500;302_133;22-01-12_M1;14663.843;;;;;;
_JV;NonLin;22-01-12;M2;compressionsLowStart;none;0.0;20um fibronectin discs;labview;100X;15.8;oil;0.875;1.11;3T3;aSFL-A11;M450;4503;0;5;1_13;1s;False;3;500;302_133;22-01-12_M2;14663.843;;;;;;
_JV;NonLin;22-01-12;M4;compressionsLowStart;none;0.0;20um fibronectin discs;labview;100X;15.8;oil;0.875;1.11;3T3;aSFL-A11;M450;4503;0;5;1_13;1s;False;3;500;302_133;22-01-12_M4;14663.843;;;;;;
_AJ;;22-02-03;M1;optoGen;none;0.0;20um fibronectin discs;metamorph;100X;15.8;oil;0.875;1.0;3T3;optoRhoA;M450;4503;0;15;;;False;3;500;1500;22-02-03_M1;;;;;;;
_AJ;;22-02-03;M2;optoGen;none;0.0;20um fibronectin discs;metamorph;100X;15.8;oil;0.875;1.0;3T3;optoRhoA;M450;4503;0;15;;;False;3;500;1500;22-02-03_M2;;;;;;;
_AJ;;22-02-03;M3;optoGen;none;0.0;20um fibronectin discs;metamorph;100X;15.8;oil;0.875;1.0;3T3;optoRhoA;M450;4503;0;15;;;False;3;500;1500;22-02-03_M3;;;;;;;
_AJ;;22-02-03;M4;optoGen;none;0.0;20um fibronectin discs;metamorph;100X;15.8;oil;0.875;1.0;3T3;optoRhoA;M450;4503;0;15;;;False;3;500;1500;22-02-03_M4;;;;;;;
_AJ;;22-02-03;M5;optoGen;none;0.0;20um fibronectin discs;metamorph;100X;15.8;oil;0.875;1.0;3T3;optoRhoA;M450;4503;0;15;;;False;3;500;1500;22-02-03_M5;;;;;;;
_JV;NonLin;22-02-09;M1;compressionsLowStart;none;0.0;20um fibronectin discs;labview;100X;15.8;oil;0.875;1.08;3T3;aSFL-A11;M450;4503;0;5;0.5_50;1.5s;False;3;500;436_200;22-02-09_M1;16816.22;;;;;;
_JV;NonLin;22-02-09;M2;compressionsLowStart;none;0.0;20um fibronectin discs;labview;100X;15.8;oil;0.875;1.062;3T3;aSFL-A11;M450;4503;0;5;0.5_50;1.5s;False;3;500;436_200;22-02-09_M2;16816.22;;;;;;
_JV;NonLin;22-02-09;M3;compressionsLowStart;none;0.0;20um fibronectin discs;labview;100X;15.8;oil;0.875;1.04;3T3;aSFL-A11;M450;4503;0;5;0.5_50;1.5s;False;3;500;436_200;22-02-09_M3;16816.22;;;;;;
_AJ;;22-03-01;M1;optoGen;none;0.0;20um fibronectin discs;metamorph;100X;15.8;oil;0.875;1.0;3T3;optoRhoA. high expressing;M450;4503;0;15;;;False;3;500;150;22-03-01_M1;51.630881;10;;1;100;global;1.0
_AJ;;22-03-01;M2;optoGen;none;0.0;20um fibronectin discs;metamorph;100X;15.8;oil;0.875;1.0;3T3;optoRhoA. high expressing;M450;4503;0;15;;;False;3;500;150;22-03-01_M2;51.630881;10;;1;100;away from beads;1.0
_AJ;;22-03-01;M3;optoGen;none;0.0;20um fibronectin discs;metamorph;100X;15.8;oil;0.875;1.0;3T3;optoRhoA. high expressing;M450;4503;0;15;;;False;3;500;150;22-03-01_M3;51.630881;10;;1;100;at beads;1.0
_JV;NonLin;22-03-21;M1;compressionsLowStart;none;0.0;20um fibronectin discs;labview;100X;15.8;oil;0.875;1.034;3T3;aSFL-LG+++;M450;4503;0;5;0.5_54;1.5s;False;3;500;436_200;22-03-21_M1;21605.046;;;;;;
_JV;NonLin;22-03-21;M2;compressionsLowStart;none;0.0;20um fibronectin discs;labview;100X;15.8;oil;0.875;1.034;3T3;aSFL-LG+++;M450;4503;0;5;0.5_54;1.5s;False;3;500;436_200;22-03-21_M2;21605.046;;;;;;
_JV;Oscillatory. Test.;22-03-21;M3;sinus;none;0.0;20um fibronectin discs;labview;100X;15.8;oil;0.875;1.034;3T3;aSFL-LG+++;M450;4503;0;;;;False;1;0;0_;22-03-21_M3;21605.046;;;;;;
_JV;BrokenRamp. Test. ;22-03-21;M4;brokenRamp;none;0.0;20um fibronectin discs;labview;100X;15.8;oil;0.875;1.034;3T3;aSFL-LG+++;M450;4503;0;1;1_50;;False;1;0;0_;22-03-21_M4;21605.046;;;;;;
_AJ;;22-03-22;M1;optoGen;none;0.0;20um fibronectin discs;metamorph;100X;15.8;oil;0.875;1.0;3T3;optoRhoA. high expressing;M450;4503;0;15;;;False;3;500;150;22-03-22_M1;58.85032;10;;2;50;global;1.0
_AJ;;22-03-22;M2;optoGen;none;0.0;20um fibronectin discs;metamorph;100X;15.8;oil;0.875;1.0;3T3;optoRhoA. high expressing;M450;4503;0;15;;;False;3;500;150;22-03-22_M2;58.85032;10;;1;50;global;1.0
_AJ;;22-03-22;M3;optoGen;none;0.0;20um fibronectin discs;metamorph;100X;15.8;oil;0.875;1.0;3T3;optoRhoA. high expressing;M450;4503;0;15;;;False;3;500;150;22-03-22_M3;58.85032;10;;1;50;at beads;1.0
_AJ;;22-03-22;M4;optoGen;none;0.0;20um fibronectin discs;metamorph;100X;15.8;oil;0.875;1.0;3T3;optoRhoA. high expressing;M450;4503;0;15;;;False;3;500;150;22-03-22_M4;58.85032;10;;1;50;away from beads;1.0
_AJ;;22-03-22;M5;optoGen;none;0.0;20um fibronectin discs;metamorph;100X;15.8;oil;0.875;1.0;3T3;optoRhoA. high expressing;M450;4503;0;15;;;False;3;500;150;22-03-22_M5;58.85032;10;;1;50;global;1.0
_JV;Drugs. Test.;22-03-28;M1;compressionsLowStart;dmso;0.0;20um fibronectin discs;labview;100X;15.8;oil;0.875;1.074;3T3;aSFL-LG+++;M450;4477;0;5;0.5_50;1.5s;False;3;500;436_200;22-03-28_M1;22009.435;;;;;;
_JV;Drugs. Test.;22-03-28;M2;compressionsLowStart;blebbistatin;50.0;20um fibronectin discs;labview;100X;15.8;oil;0.875;1.074;3T3;aSFL-LG+++;M450;4477;0;5;0.5_50;1.5s;False;3;500;436_200;22-03-28_M2;22009.435;;;;;;
_JV;Drugs. Test.;22-03-28;M3;compressionsLowStart;latrunculinA;0.5;20um fibronectin discs;labview;100X;15.8;oil;0.875;1.074;3T3;aSFL-LG+++;M450;4477;0;5;0.5_50;1.5s;False;3;500;436_200;22-03-28_M3;22009.435;;;;;;
_JV;Drugs. Test.;22-03-30;M1;compressionsLowStart;blebbistatin;50.0;20um fibronectin discs;labview;100X;15.8;oil;0.875;1.04;3T3;aSFL-LG+++;M450;4477;0;5;0.5_50;1.5s;False;3;500;436_200;22-03-30_M1;17613.187;;;;;;
_JV;Drugs. Test.;22-03-30;M2;compressionsLowStart;latrunculinA;0.5;20um fibronectin discs;labview;100X;15.8;oil;0.875;1.04;3T3;aSFL-LG+++;M450;4477;0;5;0.5_50;1.5s;False;3;500;436_200;22-03-30_M2;17613.187;;;;;;
_JV;Drugs. Test.;22-03-30;M3;compressionsLowStart;none;0.0;20um fibronectin discs;labview;100X;15.8;oil;0.875;1.048;3T3;aSFL-LG+++;M450;4477;0;5;0.5_50;1.5s;False;3;500;436_200;22-03-30_M3;17613.187;;;;;;
_JV;Drugs. Test.;22-03-30;M4;compressionsLowStart;dmso;0.0;20um fibronectin discs;labview;100X;15.8;oil;0.875;1.034;3T3;aSFL-LG+++;M450;4477;0;5;0.5_50;1.5s;False;3;500;436_200;22-03-30_M4;17613.187;;;;;;
_AJ;;22-03-31;M3;compressionsLowStart;none;0.0;20um fibronectin discs;labview;100X;15.8;oil;0.875;1.0;3T3;optoRhoA. high expressing;M450;4503;0;5;3_50;1s;False;3;500;169_67;22-03-31_M3;4199.033;5;;5;100;global;0.6
_AJ;;22-03-31;M4;compressionsLowStart;none;0.0;20um fibronectin discs;labview;100X;15.8;oil;0.875;1.0;3T3;optoRhoA. high expressing;M450;4503;0;5;1_50;;False;3;500;302_133;22-03-31_M4;4199.033;;;;;;
_AJ;;22-03-31;M5;compressionsLowStart;none;0.0;20um fibronectin discs;labview;100X;15.8;oil;0.875;1.0;3T3;optoRhoA. high expressing;M450;4503;0;5;1_50;1s;False;3;500;302_133;22-03-31_M5;4199.033;;;;;;
_AJ;;22-03-31;M6;compressionsLowStart;none;0.0;20um fibronectin discs;labview;100X;15.8;oil;0.875;1.0;3T3;optoRhoA. high expressing;M450;4503;0;5;1_50;1s;False;3;500;302_133;22-03-31_M6;4199.033;5;;5;500;at beads;0.6
_AJ;;22-03-31;M7;compressionsLowStart;none;0.0;20um fibronectin discs;labview;100X;15.8;oil;0.875;1.0;3T3;optoRhoA. high expressing;M450;4503;0;5;1_50;1s;False;3;500;302_133;22-03-31_M7;4199.033;5;;5;500;away from beads;0.6
_AJ;;22-03-31;M8;compressionsLowStart;none;0.0;20um fibronectin discs;labview;100X;15.8;oil;0.875;1.0;3T3;optoRhoA. high expressing;M450;4503;0;5;1_50;1s;False;3;500;302_133;22-03-31_M8;4199.033;5;;5;500;global;0.6
_AJ;;22-03-31;M9;compressionsLowStart;none;0.0;20um fibronectin discs;labview;100X;15.8;oil;0.875;1.0;3T3;optoRhoA. high expressing;M450;4503;0;5;1_50;1s;False;3;500;299_133;22-03-31_M9;4199.033;5;;5;800;global;0.6
_AJ;;22-04-12;M1;optoGen;none;0.0;20um fibronectin discs;labview;100X;15.8;oil;0.875;1.0;3T3;optoRhoA. high expressing;M450;4503;0;15;;;False;3;500;147;22-04-12_M1;28646.035;9;;1;50;away from beads;0.6
_AJ;;22-04-12;M2;optoGen;none;0.0;20um fibronectin discs;labview;100X;15.8;oil;0.875;1.0;3T3;optoRhoA. high expressing;M450;4503;0;15;;;False;3;500;147;22-04-12_M2;28646.035;9;;1;50;at beads;0.6
_AJ;;22-04-12;M3;optoGen;none;0.0;20um fibronectin discs;labview;100X;15.8;oil;0.875;1.0;3T3;optoRhoA. high expressing;M450;4503;0;15;;;False;3;500;147;22-04-12_M3;28646.035;9;;1;50;global;0.6
_AJ;;22-04-12;M4;optoGen;none;0.0;20um fibronectin discs;labview;100X;15.8;oil;0.875;1.0;3T3;optoRhoA. high expressing;M450;4503;0;15;;;False;3;500;147;22-04-12_M4;28646.035;9;;;50;global;0.6
_AJ;;22-04-15;M2;compressionsLowStart;none;0.0;20um fibronectin discs;labview;100X;15.8;oil;0.875;1.0;3T3;optoRhoA. lowexpressing;M450;4503;0;3;0.5_0.5;1s;False;3;500;287_133;22-04-15_M2;;3;;0;500;away from beads;1.0
_AJ;;22-04-28;M1;compressionsLowStart;none;0.0;20um fibronectin discs;labview;100X;15.8;oil;0.875;1.0;3T3;optoRhoA. high expressing;M450;4503;0;5;1_50;1s;False;3;500;302_133;22-04-28_M1;13436.803;3;;1;500_20;away from beads;0.6
_AJ;;22-04-28;M2;compressionsLowStart;none;0.0;20um fibronectin discs;labview;100X;15.8;oil;0.875;1.0;3T3;optoRhoA. high expressing;M450;4503;0;5;1_50;1s;False;3;500;306_133;22-04-28_M2;13436.803;5;;1;500_20;away from beads;0.6
_AJ;;22-04-28;M3;compressionsLowStart;none;0.0;20um fibronectin discs;labview;100X;15.8;oil;0.875;1.0;3T3;optoRhoA. high expressing;M450;4503;0;5;1_50;1s;False;3;500;302_133;22-04-28_M3;13436.803;4;;1;500_20;global;0.6
_AJ;;22-04-28;M4;compressionsLowStart;none;0.0;20um fibronectin discs;labview;100X;15.8;oil;0.875;1.0;3T3;optoRhoA. high expressing;M450;4503;0;5;1_50;1s;False;3;500;304_133;22-04-28_M4;13436.803;4;;1;500_20;away from beads;0.6
_JV;Macrophages. Poincloux. ERM ko;22-05-03;M1-1;compressionsLowStart;none;0.0;bare glass;labview;100X;15.8;oil;0.875;0.97;HoxB8-Macro;ctrl;M450;4477;0;5;1_50;1.5s;False;3;500;436_200;22-05-03_M1-1;8212.633;;;;;;
_JV;Macrophages. Poincloux. ERM ko;22-05-03;M1-2;compressionsLowStart;none;0.0;bare glass;labview;100X;15.8;oil;0.875;0.97;HoxB8-Macro;ctrl;M450;4477;0;5;1_50;1.5s;True;3;500;436_200;22-05-03_M1-2;8212.633;;;;;;
_JV;Macrophages. Poincloux. ERM ko;22-05-03;M2;compressionsLowStart;none;0.0;bare glass;labview;100X;15.8;oil;0.875;0.97;HoxB8-Macro;tko;M450;4477;0;5;1_50;1.5s;True;3;500;436_200;22-05-03_M2;8212.633;;;;;;
_JV;Macrophages. Poincloux. ERM ko;22-05-03;M3;compressionsLowStart;none;0.0;20um fibronectin discs;labview;100X;15.8;oil;0.875;0.97;HoxB8-Macro;tko;M450;4477;0;5;1_50;1.5s;True;3;500;436_200;22-05-03_M3;8212.633;;;;;;
_JV;Macrophages. Poincloux. ERM ko;22-05-03;M4;compressionsLowStart;none;0.0;20um fibronectin discs;labview;100X;15.8;oil;0.875;0.97;HoxB8-Macro;ctrl;M450;4477;0;5;1_50;1.5s;True;3;500;436_200;22-05-03_M4;8212.633;;;;;;
_JV;Macrophages. Poincloux. ERM ko;22-05-04;M1;compressionsLowStart;none;0.0;20um fibronectin discs;labview;100X;15.8;oil;0.875;0.992;HoxB8-Macro;ctrl;M450;4477;0;5;1_50;1.5s;True;3;500;436_200;22-05-04_M1;103721.279;;;;;;
_JV;Macrophages. Poincloux. ERM ko;22-05-04;M2;compressionsLowStart;none;0.0;20um fibronectin discs;labview;100X;15.8;oil;0.875;0.954;HoxB8-Macro;tko;M450;4477;0;5;1_50;1.5s;True;3;500;436_200;22-05-04_M2;103721.279;;;;;;
_JV;Macrophages. Poincloux. ERM ko;22-05-04;M3;compressionsLowStart;none;0.0;bare glass;labview;100X;15.8;oil;0.875;0.96;HoxB8-Macro;tko;M450;4477;0;5;1_54;1.5s;True;3;500;436_200;22-05-04_M3;103721.279;;;;;;
_JV;Macrophages. Poincloux. ERM ko;22-05-04;M4;compressionsLowStart;none;0.0;bare glass;labview;100X;15.8;oil;0.875;0.96;HoxB8-Macro;ctrl;M450;4477;0;5;1_54;1.5s;True;3;500;436_200;22-05-04_M4;103721.279;;;;;;
_JV;Macrophages. Poincloux. ERM ko;22-05-05;M1;compressionsLowStart;none;0.0;bare glass;labview;100X;15.8;oil;0.875;0.96;HoxB8-Macro;tko;M450;4477;0;5;1_54;1.5s;True;3;500;436_200;22-05-05_M1;9922.183;;;;;;
_JV;Macrophages. Poincloux. ERM ko;22-05-05;M2;compressionsLowStart;none;0.0;bare glass;labview;100X;15.8;oil;0.875;0.96;HoxB8-Macro;ctrl;M450;4477;0;5;1_54;1.5s;True;3;500;436_200;22-05-05_M2;9922.183;;;;;;
_AJ;;22-05-09;M1;optoGen;none;0.0;20um fibronectin discs;metamorph;100X;15.8;oil;0.875;1.0;3T3;optoRhoA;M450;4503;0;15;;;False;3;500;150;22-05-09_M1;60.846514000000006;10;;1;50;global;1.2
_AJ;;22-05-09;M2;optoGen;none;0.0;20um fibronectin discs;metamorph;100X;15.8;oil;0.875;1.0;3T3;optoRhoA;M450;4503;0;15;;;False;3;500;150;22-05-09_M2;60.846514000000006;10;;1;50;away from beads;1.2
_AJ;;22-05-09;M3;optoGen;none;0.0;20um fibronectin discs;metamorph;100X;15.8;oil;0.875;1.0;3T3;optoRhoA;M450;4503;0;15;;;False;3;500;150;22-05-09_M3;60.846514000000006;10;;1;50;at beads;3.2
_AJ;;22-05-09;M4;optoGen;none;0.0;20um fibronectin discs;metamorph;100X;15.8;oil;0.875;1.0;3T3;optoRhoA;M450;4503;0;15;;;False;3;500;150;22-05-09_M4;60.846514000000006;10;;1;50;away from beads;3.2
_AJ;;22-05-09;M5;optoGen;none;0.0;20um fibronectin discs;metamorph;100X;15.8;oil;0.875;1.0;3T3;optoRhoA;M450;4503;0;15;;;False;3;500;150;22-05-09_M5;60.846514000000006;10;;1;50;global;1.2
_AJ;;22-05-09;M6;optoGen;none;0.0;20um fibronectin discs;metamorph;100X;15.8;oil;0.875;1.0;3T3;optoRhoA;M450;4503;0;15;;;False;3;500;150;22-05-09_M6;60.846514000000006;10;;1;50;global;3.2
_AJ;;22-05-31;M1;compressionsLowStart;none;0.0;20um fibronectin discs;labview;100X;15.8;oil;0.875;1.0;3T3;optoRhoA;M450;4503;0;5;1_50;1s;False;3;500;305_133;22-05-31_M1;2275.496;5;;1;500;at beads;1.6
_AJ;;22-05-31;M2;compressionsLowStart;none;0.0;20um fibronectin discs;labview;100X;15.8;oil;0.875;1.0;3T3;optoRhoA;M450;4503;0;5;1_50;1s;False;3;500;302_133;22-05-31_M2;2275.496;5;;1;500;at beads;1.6
_AJ;;22-05-31;M3;compressionsLowStart;none;0.0;20um fibronectin discs;labview;100X;15.8;oil;0.875;1.0;3T3;optoRhoA;M450;4503;0;5;1_50;1s;False;3;500;302_133;22-05-31_M3;2275.496;5;;1;500;at beads;1.6
_AJ;;22-05-31;M4;compressionsLowStart;none;0.0;20um fibronectin discs;labview;100X;15.8;oil;0.875;1.0;3T3;optoRhoA;M450;4503;0;5;1_50;1s;False;3;500;302_133;22-05-31_M4;2275.496;5;;1;500;at beads;1.6
_AJ;;22-05-31;M5;compressionsLowStart;none;0.0;20um fibronectin discs;labview;100X;15.8;oil;0.875;1.0;3T3;optoRhoA;M450;4503;0;5;1_50;1s;False;3;500;302_133;22-05-31_M5;2275.496;5;;1;500;at beads;1.6
_AJ;;22-05-31;M6;compressionsLowStart;none;0.0;20um fibronectin discs;labview;100X;15.8;oil;0.875;1.0;3T3;optoRhoA;M450;4503;0;5;1_50;1s;False;3;500;302_133;22-05-31_M6;2275.496;5;;1;500;at beads;1.6
_AJ;;22-05-31;M7;compressionsLowStart;none;0.0;20um fibronectin discs;labview;100X;15.8;oil;0.875;1.0;3T3;optoRhoA;M450;4503;0;5;1_50;1s;False;3;500;302_133;22-05-31_M7;2275.496;5;;1;500;at beads;1.6
_AJ;;22-06-09;M1;optoGen;none;0.0;20um fibronectin discs;metamorph;100X;15.8;oil;0.875;1.0;3T3;optoRhoA;M450;4503;0;15;;;False;3;500;150;22-06-09_M1;51.942928;10;;1;50;at beads;3.2
_AJ;;22-06-09;M2;optoGen;none;0.0;20um fibronectin discs;metamorph;100X;15.8;oil;0.875;1.0;3T3;optoRhoA;M450;4503;0;15;;;False;3;500;150;22-06-09_M2;51.942928;10;;1;50;away from beads;3.2
_AJ;;22-06-09;M3;optoGen;none;0.0;20um fibronectin discs;metamorph;100X;15.8;oil;0.875;1.0;3T3;optoRhoA;M450;4503;0;15;;;False;3;500;150;22-06-09_M3;51.942928;10;;1;50;global;3.2
_JV;Duya. PatternSize.;22-06-10;M1;compressionsLowStart;none;0.0;diverse fibronectin discs;labview;100X;15.8;oil;0.875;0.992;3T3;aSFL-LG+++;M450;4490;0;5;1_50;1.5s;True;3;500;436_200;22-06-10_M1;12151.903;;;;;;
_JV;Duya. PatternSize.;22-06-16;M1;compressionsLowStart;none;0.0;diverse fibronectin discs;labview;100X;15.8;oil;0.875;0.98;3T3;aSFL-LG+++;M450;4477;0;5;1_50;1.5s;True;3;500;436_200;22-06-16_M1;22066.326;;;;;;
_AJ;;22-06-21;M1;compressionsLowStart;none;0.0;20um fibronectin discs;labview;100X;15.8;oil;0.875;1.0;3T3;optoRhoA;M450;4503;0;5;1_50;1s;False;3;500;302_133;22-06-21_M1;7881.549;5;;1;600;at beads;3.2
_AJ;;22-06-21;M2;compressionsLowStart;none;0.0;20um fibronectin discs;labview;100X;15.8;oil;0.875;1.0;3T3;optoRhoA;M450;4503;0;5;1_50;1s;False;3;500;302_133;22-06-21_M2;7881.549;5;;1;600;away from beads;3.2
_AJ;;22-06-21;M3;compressionsLowStart;none;0.0;20um fibronectin discs;labview;100X;15.8;oil;0.875;1.0;3T3;optoRhoA;M450;4503;0;5;1_50;1s;False;3;500;302_133;22-06-21_M3;7881.549;;;;;;
_JV;Duya. PatternSize.;22-07-06;M1;compressionsLowStart;none;0.0;diverse fibronectin discs;labview;100X;15.8;oil;0.875;1.0;3T3;aSFL-LG+++;M450;4477;0;5;1_50;1.5s;True;3;500;436_200;22-07-06_M1;9036.497;;;;;;
_JV;Duya. PatternSize.;22-07-06;M2;compressionsLowStart;none;0.0;diverse fibronectin discs;labview;100X;15.8;oil;0.875;0.984;3T3;aSFL-LG+++;M450;4477;0;5;1_54;1.5s;True;3;500;436_200;22-07-06_M2;9036.497;;;;;;
_JV;Duya. PatternSize.;22-07-12;M1;compressionsLowStart;none;0.0;diverse fibronectin discs;labview;100X;15.8;oil;0.875;1.02;3T3;aSFL-LG+++;M450;4477;0;5;1_54;1.5s;True;3;500;436_200;22-07-12_M1;13319.905;;;;;;
_JV;Duya. PatternSize.;22-07-12;M2;compressionsLowStart;none;0.0;diverse fibronectin discs;labview;100X;15.8;oil;0.875;0.996;3T3;aSFL-LG+++;M450;4477;0;5;1_54;1.5s;True;3;500;436_200;22-07-12_M2;13319.905;;;;;;
_AJ;;22-07-13;M1;constant field;none;0.0;20um fibronectin discs;labview;100X;15.8;oil;0.875;1.0;3T3;optoRhoA;M450;4503;0;3;;;False;3;500;21;22-07-13_M1;102426.061;;;;;;
_AJ;;22-07-13;M2;constant field;none;0.0;20um fibronectin discs;labview;100X;15.8;oil;0.875;1.0;3T3;optoRhoA;M450;4503;0;7;;;False;3;500;21;22-07-13_M2;102426.061;;;;;;
_AJ;;22-07-13;M3;constant field;none;0.0;20um fibronectin discs;labview;100X;15.8;oil;0.875;1.0;3T3;optoRhoA;M450;4503;0;15;;;False;3;500;21;22-07-13_M3;102426.061;;;;;;
_JV;MCA3. LongLinkerCellLine. ;22-07-15;M1;compressionsLowStart;doxycyclin;0.0;20um fibronectin discs;labview;100X;15.8;oil;0.875;0.94;3T3;aSFL-F8;M450;4477;0;5;1_54;1.5s;True;3;500;436_200;22-07-15_M1;19299.512;;;;;;
_JV;MCA3. LongLinkerCellLine. ;22-07-15;M2;compressionsLowStart;none;0.0;20um fibronectin discs;labview;100X;15.8;oil;0.875;0.97;3T3;aSFL-F8;M450;4477;0;5;1_54;1.5s;True;3;500;436_200;22-07-15_M2;19299.512;;;;;;
_JV;MCA3. StandardLinkerCellLine. ;22-07-15;M3;compressionsLowStart;doxycyclin;0.0;20um fibronectin discs;labview;100X;15.8;oil;0.875;0.964;3T3;aSFL-A11;M450;4477;0;5;1_54;1.5s;True;3;500;436_200;22-07-15_M3;19299.512;;;;;;
_JV;MCA3. StandardLinkerCellLine. ;22-07-15;M4;compressionsLowStart;none;0.0;20um fibronectin discs;labview;100X;15.8;oil;0.875;0.948;3T3;aSFL-A11;M450;4477;0;5;1_54;1.5s;True;3;500;436_200;22-07-15_M4;19299.512;;;;;;
_JV;MCA3. StandardLinkerCellLine. ;22-07-20;M1;compressionsLowStart;doxycyclin;0.0;20um fibronectin discs;labview;100X;15.8;oil;0.875;0.98;3T3;aSFL-A11;M450;4477;0;5;1_54;1.5s;True;3;500;436_200;22-07-20_M1;10854.724;;;;;;
_JV;MCA3. StandardLinkerCellLine. ;22-07-20;M2;compressionsLowStart;none;0.0;20um fibronectin discs;labview;100X;15.8;oil;0.875;0.992;3T3;aSFL-A11;M450;4477;0;5;1_54;1.5s;True;3;500;436_200;22-07-20_M2;10854.724;;;;;;
_JV;MCA3. LongLinkerCellLine. ;22-07-20;M3;compressionsLowStart;doxycyclin;0.0;20um fibronectin discs;labview;100X;15.8;oil;0.875;1.0;3T3;aSFL-E4;M450;4477;0;5;1_54;1.5s;True;3;500;436_200;22-07-20_M3;10854.724;;;;;;
_JV;MCA3. LongLinkerCellLine. ;22-07-20;M4;compressionsLowStart;none;0.0;20um fibronectin discs;labview;100X;15.8;oil;0.875;1.0;3T3;aSFL-E4;M450;4477;0;5;1_54;1.5s;True;3;500;436_200;22-07-20_M4;10854.724;;;;;;
_JV;Duya. PatternSize.;22-07-22;M1;compressionsLowStart;none;0.0;diverse fibronectin discs;labview;100X;15.8;oil;0.875;1.014;3T3;aSFL-LG+++;M450;4477;0;5;1_50;1.5s;True;3;500;436_200;22-07-22_M1;14291.724;;;;;;
_AJ;;22-07-26;M1;constant field;none;0.0;20um fibronectin discs;labview;100X;15.8;oil;0.875;1.0;3T3;optoRhoA. high expressing;M450;4503;0;3;;;False;3;500;21;22-07-26_M1;15262.587;;;;;;
_AJ;;22-07-26;M2;constant field;none;0.0;20um fibronectin discs;labview;100X;15.8;oil;0.875;1.0;3T3;optoRhoA. high expressing;M450;4503;0;7;;;False;3;500;21;22-07-26_M2;15262.587;;;;;;
_AJ;;22-07-26;M3;constant field;none;0.0;20um fibronectin discs;labview;100X;15.8;oil;0.875;1.0;3T3;optoRhoA. high expressing;M450;4503;0;15;;;False;3;500;24;22-07-26_M3;15262.587;;;;;;
_AJ;;22-07-26;M4;optoGen;none;0.0;20um fibronectin discs;labview;100X;15.8;oil;0.875;1.0;3T3;optoRhoA. high expressing;M450;4503;0;3;;;False;3;500;147;22-07-26_M4;15262.587;4;10;1;100;at beads;3.2
_AJ;;22-07-26;M5;optoGen;none;0.0;20um fibronectin discs;labview;100X;15.8;oil;0.875;1.0;3T3;optoRhoA. high expressing;M450;4503;0;7;;;False;3;500;147;22-07-26_M5;15262.587;4;10;1;100;at beads;3.2
_AJ;;22-07-26;M6;optoGen;none;0.0;20um fibronectin discs;labview;100X;15.8;oil;0.875;1.0;3T3;optoRhoA. high expressing;M450;4503;0;15;;;False;3;500;147;22-07-26_M6;15262.587;4;10;1;100;at beads;3.2
_JV;MCA3. LongLinkerCellLine. ;22-07-27;M1;compressionsLowStart;none;0.0;20um fibronectin discs;labview;100X;15.8;oil;0.875;0.98;3T3;aSFL-F8;M450;4477;0;5;1_54;1.5s;True;3;500;436_200;22-07-27_M1;19508.595;;;;;;
_JV;MCA3. LongLinkerCellLine. ;22-07-27;M2;compressionsLowStart;doxycyclin;0.0;20um fibronectin discs;labview;100X;15.8;oil;0.875;0.95;3T3;aSFL-F8;M450;4477;0;5;1_54;1.5s;True;3;500;436_200;22-07-27_M2;19508.595;;;;;;
_JV;MCA3. LongLinkerCellLine. ;22-07-27;M3;compressionsLowStart;none;0.0;20um fibronectin discs;labview;100X;15.8;oil;0.875;0.95;3T3;aSFL-E4;M450;4477;0;5;1_54;1.5s;True;3;500;436_200;22-07-27_M3;19508.595;;;;;;
_JV;MCA3. LongLinkerCellLine. ;22-07-27;M4;compressionsLowStart;doxycyclin;0.0;20um fibronectin discs;labview;100X;15.8;oil;0.875;0.96;3T3;aSFL-E4;M450;4477;0;5;1_54;1.5s;True;3;500;436_200;22-07-27_M4;19508.595;;;;;;
_JV;Duya. PatternSize.;22-07-29;M1;compressionsLowStart;none;0.0;diverse fibronectin discs;labview;100X;15.8;oil;0.875;0.98;3T3;aSFL-LG+++;M450;4477;0;5;1_50;1.5s;True;3;500;436_200;22-07-29_M1;3184.824;;;;;;
_JV;Duya. PatternSize.;22-08-24;M1;compressionsLowStart;none;0.0;diverse fibronectin discs;labview;100X;15.8;oil;0.875;0.98;3T3;aSFL-LG+++;M450;4477;0;5;1_54;1.5s;True;3;500;436_200;22-08-24_M1;16011.089;;;;;;
_JV;Duya. PatternSize.;22-08-24;M2;compressionsLowStart;none;0.0;diverse fibronectin discs;labview;100X;15.8;oil;0.875;0.98;3T3;aSFL-LG+++;M450;4477;0;5;1_54;1.5s;True;3;500;436_200;22-08-24_M2;16011.089;;;;;;
_JV;Duya. PatternSize.;22-08-24;M3;compressionsLowStart;none;0.0;diverse fibronectin discs;labview;100X;15.8;oil;0.875;0.98;3T3;aSFL-LG+++;M450;4477;0;5;1_54;1.5s;True;3;500;436_200;22-08-24_M3;16011.089;;;;;;
_JV;Duya. PatternSize.;22-08-24;M4;compressionsLowStart;none;0.0;diverse fibronectin discs;labview;100X;15.8;oil;0.875;0.98;3T3;aSFL-LG+++;M450;4477;0;5;1_54;1.5s;True;3;500;436_200;22-08-24_M4;16011.089;;;;;;
_AJ;;22-08-26;M1;compressionsLowStart;none;0.0;20um fibronectin discs;labview;100X;15.8;oil;0.875;1.0;3T3;optoRhoA;M450;4503;0;5;1_50;1s;False;3;500;302_133;22-08-26_M1;8924.305;;;;;;
_AJ;;22-08-26;M10;compressionsLowStart;none;0.0;20um fibronectin discs;labview;100X;15.8;oil;0.875;1.0;3T3;optoRhoA;M450;4503;0;5;1_50;1s;False;3;500;302_133;22-08-26_M10;8924.305;1;15;1;300;at beads;3.3
_AJ;;22-08-26;M2;compressionsLowStart;none;0.0;20um fibronectin discs;labview;100X;15.8;oil;0.875;1.0;3T3;optoRhoA;M450;4503;0;5;1_50;1s;False;3;500;302_133;22-08-26_M2;8924.305;;;;;;
_AJ;;22-08-26;M3;compressionsLowStart;none;0.0;20um fibronectin discs;labview;100X;15.8;oil;0.875;1.0;3T3;optoRhoA;M450;4503;0;5;1_50;1s;False;3;500;302_133;22-08-26_M3;8924.305;;;;;;
_AJ;;22-08-26;M4;compressionsLowStart;none;0.0;20um fibronectin discs;labview;100X;15.8;oil;0.875;1.0;3T3;optoRhoA;M450;4503;0;5;0.5_0.5;1s;False;3;500;436_200;22-08-26_M4;8924.305;;;;;;
_AJ;;22-08-26;M5;compressionsLowStart;none;0.0;20um fibronectin discs;labview;100X;15.8;oil;0.875;1.0;3T3;optoRhoA;M450;4503;0;5;1_50;1s;False;3;500;302_133;22-08-26_M5;8924.305;1;;1;300;at beads;3.3
_AJ;;22-08-26;M6;compressionsLowStart;none;0.0;20um fibronectin discs;labview;100X;15.8;oil;0.875;1.0;3T3;optoRhoA;M450;4503;0;5;1_50;1s;False;3;500;302_133;22-08-26_M6;8924.305;1;;1;300;at beads;3.3
_AJ;;22-08-26;M7;compressionsLowStart;none;0.0;20um fibronectin discs;labview;100X;15.8;oil;0.875;1.0;3T3;optoRhoA;M450;4503;0;5;1_50;1s;False;3;500;302_133;22-08-26_M7;8924.305;1;;1;300;away from beads;3.3
_AJ;;22-08-26;M8;compressionsLowStart;none;0.0;20um fibronectin discs;labview;100X;15.8;oil;0.875;1.0;3T3;optoRhoA;M450;4503;0;5;0.5_0.5;1s;False;3;500;436_200;22-08-26_M8;8924.305;1;;1;300;at beads;3.3
_AJ;;22-08-26;M9;compressionsLowStart;none;0.0;20um fibronectin discs;labview;100X;15.8;oil;0.875;1.0;3T3;optoRhoA;M450;4503;0;15;15_15;1s;False;3;500;217_90;22-08-26_M9;8924.305;1;;1;300;at beads;3.3
_AJ;;22-10-05;M1;compressionsLowStart;none;0.0;20um fibronectin discs;labview;100X;15.8;oil;0.875;1.0;3T3;aSFL;M450;4503;0;5;1_50;1s;False;3;500;302_133;22-10-05_M1;9218.667;;;1;;;
_AJ;;22-10-05;M2;compressionsLowStart;none;0.0;20um fibronectin discs;labview;100X;15.8;oil;0.875;1.0;3T3;aSFL;M450;4503;0;5;1_50;1.5s;False;3;500;436_200;22-10-05_M2;9218.667;;;1;;;
_AJ;;22-10-06;M1;compressionsLowStart;none;0.0;20um fibronectin discs;labview;100X;15.8;oil;0.875;1.0;3T3;optoRhoA;M450;4503;0;5;1_50;1.5s;False;3;500;436_200;22-10-06_M1;89471.952;;;1;;;
_AJ;;22-10-06;M2;compressionsLowStart;none;0.0;20um fibronectin discs;labview;100X;15.8;oil;0.875;1.0;3T3;optoRhoA;M450;4503;0;5;1_50;1.5s;False;3;500;436_200;22-10-06_M2;89471.952;1;;1;300;at beads;3.3
_AJ;;22-10-06;M3;compressionsLowStart;none;0.0;20um fibronectin discs;labview;100X;15.8;oil;0.875;1.0;3T3;optoRhoA;M450;4503;0;10;1_50;1.5s;False;3;500;436_200;22-10-06_M3;89471.952;;;;;;
_AJ;;22-10-06;M4;compressionsLowStart;none;0.0;20um fibronectin discs;labview;100X;15.8;oil;0.875;1.0;3T3;optoRhoA;M450;4503;0;10;1_50;1.5s;False;3;500;436_200;22-10-06_M4;89471.952;1;;1;300;at beads;3.3
_AJ;;22-10-06;M5;compressionsLowStart;none;0.0;20um fibronectin discs;labview;100X;15.8;oil;0.875;1.0;3T3;optoRhoA;M450;4503;0;15;1_50;1.5s;False;3;500;436_200;22-10-06_M5;89471.952;;;;;;
_AJ;;22-10-06;M6;compressionsLowStart;none;0.0;20um fibronectin discs;labview;100X;15.8;oil;0.875;1.0;3T3;optoRhoA;M450;4503;0;15;1_50;1.5s;False;3;500;436_200;22-10-06_M6;89471.952;1;;1;300;at beads;3.3
_JV;Drugs. Test.;22-11-23;M1;compressionsLowStart;dmso;0.0;20um fibronectin discs;labview;100X;15.8;oil;0.875;0.995;3T3;aSFL-LG+++;M450;4477;0;5;1_40;1.5s;True;3;500;436_200;22-11-23_M1;13629.104;;;;;;
_JV;Drugs. Test.;22-11-23;M2;compressionsLowStart;latrunculinA;2.5;20um fibronectin discs;labview;100X;15.8;oil;0.875;0.995;3T3;aSFL-LG+++;M450;4477;0;5;1_40;1.5s;True;3;500;436_200;22-11-23_M2;13629.104;;;;;;
_JV;Drugs. Test.;22-11-23;M3;compressionsLowStart;dmso;0.0;20um fibronectin discs;labview;100X;15.8;oil;0.875;0.96;3T3;aSFL-LG+++;M450;4477;0;5;1_40;1.5s;True;3;500;436_200;22-11-23_M3;13629.104;;;;;;
_AJ;;22-12-07;M1;compressionsLowStart;Y27;50;20um fibronectin discs;labview;100X;15.8;oil;0.875;1.0;3T3;optoRhoA;M450;4510;0;14;1_50;1.5s;False;3;500;436_200;22-12-07_M1;8309.264;;;;;;
_AJ;;22-12-07;M2;compressionsLowStart;Y27;50;20um fibronectin discs;labview;100X;15.8;oil;0.875;1.0;3T3;optoRhoA;M450;4510;0;14;1_50;1.5s;False;3;500;436_200;22-12-07_M2;8309.264;1;;1;300;at beads;3.3
_AJ;;22-12-07;M3;compressionsLowStart;Y27;50;20um fibronectin discs;labview;100X;15.8;oil;0.875;1.0;3T3;optoRhoA;M450;4510;0;14;1_50;1.5s;False;3;500;436_200;22-12-07_M3;8309.264;1;;1;300;away from beads;3.3
_AJ;;22-12-07;M4;compressionsLowStart;none;0.0;20um fibronectin discs;labview;100X;15.8;oil;0.875;1.0;3T3;optoRhoA;M450;4510;0;14;1_50;1.5s;False;3;500;436_200;22-12-07_M4;8309.264;;;;;;
_AJ;;22-12-07;M5;compressionsLowStart;none;0.0;20um fibronectin discs;labview;100X;15.8;oil;0.875;1.0;3T3;optoRhoA;M450;4510;0;14;1_50;1.5s;False;3;500;436_200;22-12-07_M5;8309.264;1;;1;300;at beads;3.3
_AJ;;22-12-07;M6;compressionsLowStart;none;0.0;20um fibronectin discs;labview;100X;15.8;oil;0.875;1.0;3T3;optoRhoA;M450;4510;0;14;1_50;1.5s;False;3;500;436_200;22-12-07_M6;8309.264;1;;1;300;away from beads;3.3
_AJ;;22-12-07;M7;compressionsLowStart;none;0.0;20um fibronectin discs;labview;100X;15.8;oil;0.875;1.0;3T3;optoRhoA;M450;4510;0;14;1_50;1.5s;False;3;500;436_200;22-12-07_M7;8309.264;1;4;1;300;at beads;3.3
_AJ;;22-12-07;M8;compressionsLowStart;none;0.0;20um fibronectin discs;labview;100X;15.8;oil;0.875;1.0;3T3;optoRhoA;M450;4510;0;14;1_50;1.5s;False;3;500;436_200;22-12-07_M8;8309.264;1;3;1;300;at beads;3.3
_AJ;;22-12-07;M9;compressionsLowStart;none;0.0;20um fibronectin discs;labview;100X;15.8;oil;0.875;1.0;3T3;optoRhoA;M450;4510;0;14;1_50;1.5s;False;3;500;436_200;22-12-07_M9;8309.264;1;5;1;300;at beads;3.3
_AJ;;23-01-23;M1;compressionsLowStart;none;0.0;20um fibronectin discs;labview;100X;15.8;oil;0.875;1.014;3T3;optoRhoA;M450;4510;0;14;1_50;1.5s;False;3;500;436_200;23-01-23_M1;9710.803;;;;;;
_AJ;;23-01-23;M2;compressionsLowStart;none;0.0;20um fibronectin discs;labview;100X;15.8;oil;0.875;1.014;3T3;optoRhoA;M450;4510;0;14;1_50;1.5s;False;3;500;436_200;23-01-23_M2;9710.803;1;;1;300;at beads;3.3
_AJ;;23-01-23;M3;compressionsLowStart;none;0.0;20um fibronectin discs;labview;100X;15.8;oil;0.875;1.06;3T3;optoRhoA;M450;4510;0;14;2_50;1.5s;False;3;500;436_200;23-01-23_M3;9710.803;;;;;;
_AJ;;23-01-23;M4;compressionsLowStart;none;0.0;20um fibronectin discs;labview;100X;15.8;oil;0.875;1.06;3T3;optoRhoA;M450;4510;0;14;2_50;1.5s;False;3;500;436_200;23-01-23_M4;9710.803;1;;1;300;at beads;3.3
_AJ;;23-02-02;M1;compressionsLowStart;none;0.0;20um fibronectin discs;labview;100X;15.8;oil;0.875;1.014;3T3;optoRhoA;M450;4510;0;14;2_50;1.5s;False;3;500;436_200;23-02-02_M1;3984.275;;;;;;
_AJ;;23-02-02;M2;compressionsLowStart;none;0.0;20um fibronectin discs;labview;100X;15.8;oil;0.875;1.014;3T3;optoRhoA;M450;4510;0;14;2_50;1.5s;False;3;500;436_200;23-02-02_M2;3984.275;1;;1;300;at beads;3.3
_AJ;;23-02-02;M3;compressionsLowStart;Y27;10;20um fibronectin discs;labview;100X;15.8;oil;0.875;1.093;3T3;optoRhoA;M450;4510;0;14;2_50;1.5s;False;3;500;436_200;23-02-02_M3;3984.275;;;;;;
_AJ;;23-02-02;M4;compressionsLowStart;Y27;10;20um fibronectin discs;labview;100X;15.8;oil;0.875;1.093;3T3;optoRhoA;M450;4510;0;14;2_50;1.5s;False;3;500;436_200;23-02-02_M4;3984.275;1;;1;300;at beads;3.3
_AJ;;23-02-02;M5;compressionsLowStart;Y27;100;20um fibronectin discs;labview;100X;15.8;oil;0.875;1.041;3T3;optoRhoA;M450;4510;0;15;2_50;1.5s;False;3;500;436_200;23-02-02_M5;3984.275;;;;;;
_AJ;;23-02-02;M6;compressionsLowStart;Y27;100;20um fibronectin discs;labview;100X;15.8;oil;0.875;1.041;3T3;optoRhoA;M450;4510;0;15;2_50;1.5s;False;3;500;436_200;23-02-02_M6;3984.275;1;;1;300;at beads;3.3
_AJ;;23-02-02;M7;compressionsLowStart;Y27;1;20um fibronectin discs;labview;100X;15.8;oil;0.875;1.041;3T3;optoRhoA;M450;4510;0;15;2_50;1.5s;False;3;500;436_200;23-02-02_M7;3984.275;;;;;;
_AJ;;23-02-02;M8;compressionsLowStart;Y27;1;20um fibronectin discs;labview;100X;15.8;oil;0.875;1.041;3T3;optoRhoA;M450;4510;0;15;2_50;1.5s;False;3;500;436_200;23-02-02_M8;3984.275;1;;1;300;at beads;3.3
_JV;Drugs. 3T3-Atcc-2023;23-02-16;M1;compressionsLowStart;dmso;0.0;20um fibronectin discs;labview;100X;15.8;oil;0.875;0.94;3T3;Atcc-2023;M450;4477;0;5;2.5_50;1.5s;False;3;500;436_200;23-02-16_M1;12610.814;;;;;;
_JV;Drugs. 3T3-Atcc-2023;23-02-16;M2;compressionsLowStart;blebbistatin;50.0;20um fibronectin discs;labview;100X;15.8;oil;0.875;0.95;3T3;Atcc-2023;M450;4477;0;5;2.5_50;1.5s;False;3;500;436_200	;23-02-16_M2;12610.814;;;;;;
_JV;Drugs. 3T3-Atcc-2023;23-02-23;M1;compressionsLowStart;none;0.0;20um fibronectin discs;labview;100X;15.8;oil;0.875;0.99;3T3;Atcc-2023;M450;4477;0;5;2.5_50;1.5s;False;3;500;436_200;23-02-23_M1;11025.923;;;;;;
_JV;Drugs. 3T3-Atcc-2023;23-02-23;M2;compressionsLowStart;PNB;250.0;20um fibronectin discs;labview;100X;15.8;oil;0.875;1.066;3T3;Atcc-2023;M450;4477;0;5;2.5_50;1.5s;False;3;500;436_200;23-02-23_M2;11025.923;;;;;;
_JV;Drugs. 3T3-Atcc-2023;23-02-23;M3;compressionsLowStart;dmso;0.0;20um fibronectin discs;labview;100X;15.8;oil;0.875;0.95;3T3;Atcc-2023;M450;4477;0;5;2.5_50;1.5s;False;3;500;436_200;23-02-23_M3;11025.923;;;;;;
_JV;Drugs. 3T3-Atcc-2023;23-02-23;M4;compressionsLowStart;PNB;50.0;20um fibronectin discs;labview;100X;15.8;oil;0.875;0.97;3T3;Atcc-2023;M450;4477;0;5;2.5_50;1.5s;False;3;500;436_200;23-02-23_M4;11025.923;;;;;;
_JV;Drugs. 3T3-Atcc-2023;23-03-08;M1;compressionsLowStart;Y27;50.0;20um fibronectin discs;labview;100X;15.8;oil;0.875;0.98;3T3;Atcc-2023;M450;4477;0;5;2.5_50;1.5s;False;3;500;436_200;23-03-08_M1;12431.933;;;;;;
_JV;Drugs. 3T3-Atcc-2023;23-03-08;M2;compressionsLowStart;Y27;10.0;20um fibronectin discs;labview;100X;15.8;oil;0.875;0.95;3T3;Atcc-2023;M450;4477;0;5;2.5_50;1.5s;False;3;500;436_200;23-03-08_M2;12431.933;;;;;;
_JV;Drugs. 3T3-Atcc-2023;23-03-08;M3;compressionsLowStart;none;0.0;20um fibronectin discs;labview;100X;15.8;oil;0.875;0.96;3T3;Atcc-2023;M450;4477;0;5;2.5_50;1.5s;False;3;500;436_200;23-03-08_M3;12431.933;;;;;;
_JV;Drugs. 3T3-Atcc-2023;23-03-09;M4;compressionsLowStart;none;0.0;20um fibronectin discs;labview;100X;15.8;oil;0.875;0.99;3T3;Atcc-2023;M450;4477;0;5;2.5_50;1.5s;False;3;500;436_200	;23-03-09_M4;100359.085;;;;;;
_JV;Drugs. 3T3-Atcc-2023;23-03-09;M5;compressionsLowStart;none;0.0;15um fibronectin discs;labview;100X;15.8;oil;0.875;0.99;3T3;Atcc-2023;M450;4477;0;5;2.5_50;1.5s;False;3;500;436_200;23-03-09_M5;100359.085;;;;;;
_JV;Drugs. 3T3-Atcc-2023;23-03-09;M6;compressionsLowStart;none;0.0;25um fibronectin discs;labview;100X;15.8;oil;0.875;0.99;3T3;Atcc-2023;M450;4477;0;5;2.5_50;1.5s;False;3;500;436_200;23-03-09_M6;100359.085;;;;;;
_JV;Drugs. 3T3-Atcc-2023;23-03-16;M1;compressionsLowStart;dmso;0.0;20um fibronectin discs;labview;100X;15.8;oil;0.875;0.995;3T3;Atcc-2023;M450;4477;0;5;2.5_50;1.5s;False;3;500;436_200;23-03-16_M1;17058.436;;;;;;
_JV;Drugs. 3T3-Atcc-2023;23-03-16;M2;compressionsLowStart;blebbistatin;50.0;20um fibronectin discs;labview;100X;15.8;oil;0.875;0.994;3T3;Atcc-2023;M450;4477;0;5;2.5_50;1.5s;False;3;500;436_200;23-03-16_M2;17058.436;;;;;;
_JV;Drugs. 3T3-Atcc-2023;23-03-17;M3;compressionsLowStart;blebbistatin;10.0;20um fibronectin discs;labview;100X;15.8;oil;0.875;0.95;3T3;Atcc-2023;M450;4477;0;5;2.5_50;1.5s;False;3;500;436_200;23-03-17_M3;12449.977;;;;;;
_JV;Drugs. 3T3-Atcc-2023;23-03-17;M4;compressionsLowStart;dmso;0.0;20um fibronectin discs;labview;100X;15.8;oil;0.875;0.99;3T3;Atcc-2023;M450;4477;0;5;2.5_50;1.5s;False;3;500;436_200;23-03-17_M4;12449.977;;;;;;
_AJ;;23-03-24;M1;compressionsLowStart;blebbistatin;10;20um fibronectin discs;labview;100X;15.8;oil;0.875;1.17;3T3;optoRhoA;M450;4510;0;15;2.5_50;1.5s;False;3;500;436_200;23-03-24_M1;14081.924;;;;;;
_AJ;;23-03-24;M2;compressionsLowStart;blebbistatin;10;20um fibronectin discs;labview;100X;15.8;oil;0.875;1.17;3T3;optoRhoA;M450;4510;0;15;2.5_50;1.5s;False;3;500;436_200;23-03-24_M2;14081.924;1;;1;300;at beads;3.3
_AJ;;23-03-24;M3;compressionsLowStart;dmso;0.0;20um fibronectin discs;labview;100X;15.8;oil;0.875;1.17;3T3;optoRhoA;M450;4510;0;15;2.5_50;1.5s;False;3;500;436_200;23-03-24_M3;14081.924;;;;;;
_AJ;;23-03-24;M4;compressionsLowStart;dmso;0.0;20um fibronectin discs;labview;100X;15.8;oil;0.875;1.17;3T3;optoRhoA;M450;4510;0;15;2.5_50;1.5s;False;3;500;436_200;23-03-24_M4;14081.924;1;;1;300;at beads;3.3
_AJ;;23-03-28;M1;compressionsLowStart;none;0.0;20um fibronectin discs;labview;100X;15.8;oil;0.875;1.17;3T3 ATCC;optoLARG;M450;4510;0;15;2.5_50;1.5s;False;3;500;436_200;23-03-28_M1;1294.279;;;;;;
_AJ;;23-03-28;M2;compressionsLowStart;none;0.0;20um fibronectin discs;labview;100X;15.8;oil;0.875;1.17;3T3 ATCC;optoLARG;M450;4510;0;15;2.5_50;1.5s;False;3;500;436_200;23-03-28_M2;1294.279;1;;1;300;at beads;3.3
_AJ;;23-03-28;M3;compressionsLowStart;none;0.0;20um fibronectin discs;labview;100X;15.8;oil;0.875;1.17;3T3 ATCC;optoLARG;M450;4510;0;15;2.5_50;1.5s;False;3;500;436_200;23-03-28_M3;1294.279;1;;1;300;away from beads;3.3
_AJ;;23-04-19;M1;compressionsLowStart;none;0.0;20um fibronectin discs;labview;100X;15.8;oil;0.875;0.92;3T3;optoRhoA;M450;4510;0;15;2.5_50;1.5s;False;3;500;436_200;23-04-19_M1;11123.006;;;;;;
_AJ;;23-04-19;M2;compressionsLowStart;activation;0.0;20um fibronectin discs;labview;100X;15.8;oil;0.875;0.92;3T3;optoRhoA;M450;4510;0;15;2.5_50;1.5s;False;3;500;436_200;23-04-19_M2;11123.006;1;;1;300;global;3.3
_AJ;;23-04-19;M3;compressionsLowStart;activation;0.0;20um fibronectin discs;labview;100X;15.8;oil;0.875;0.92;3T3;optoRhoA;M450;4510;0;15;2.5_50;1.5s;False;3;500;436_200;23-04-19_M3;11123.006;1;1;1;300;global;3.3
_JV;Drugs. 3T3-Atcc-2023;23-04-20;M1;compressionsLowStart;dmso;0.0;20um fibronectin discs;labview;100X;15.8;oil;0.875;1.025;3T3;Atcc-2023;M450;4477;0;5;2.5_50;1.5s;False;3;500;436_200;23-04-20_M1;107030.389;;;;;;
_JV;Drugs. 3T3-Atcc-2023;23-04-20;M2;compressionsLowStart;blebbistatin;250.0;20um fibronectin discs;labview;100X;15.8;oil;0.875;1.025;3T3;Atcc-2023;M450;4477;0;5;2.5_50;1.5s;False;3;500;436_200;23-04-20_M2;107030.389;;;;;;
_JV;Drugs. 3T3-Atcc-2023;23-04-20;M3;compressionsLowStart;blebbistatin;50.0;20um fibronectin discs;labview;100X;15.8;oil;0.875;1.015;3T3;Atcc-2023;M450;4477;0;5;2.5_50;1.5s;False;3;500;436_200;23-04-20_M3;107030.389;;;;;;
_JV;Drugs. 3T3-Atcc-2023;23-04-20;M4;compressionsLowStart;dmso;0.0;20um fibronectin discs;labview;100X;15.8;oil;0.875;1.0;3T3;Atcc-2023;M450;4477;0;5;2.5_50;1.5s;False;3;500;436_200;23-04-20_M4;107030.389;;;;;;
_JV;Drugs. 3T3-Atcc-2023;23-04-20;M5;compressionsLowStart;dmso;0.0;20um fibronectin discs;labview;100X;15.8;oil;0.875;1.012;3T3;Atcc-2023;M450;4477;0;5;2.5_50;1.5s;False;3;500;436_200;23-04-20_M5;107030.389;;;;;;
_AJ;;23-04-25;M1;compressionsLowStart;none;0.0;20um fibronectin discs;labview;100X;15.8;oil;0.875;0.9;3T3;optoRhoA;M450;4510;0;15;2.5_50;1.5s;False;3;500;436_200;23-04-25_M1;77846.767;;;;;;
_AJ;;23-04-25;M2;compressionsLowStart;activation;0.0;20um fibronectin discs;labview;100X;15.8;oil;0.875;0.9;3T3;optoRhoA;M450;4510;0;15;2.5_50;1.5s;False;3;500;436_200;23-04-25_M2;77846.767;1;;3;300;global;3.3
_AJ;;23-04-25;M3;compressionsLowStart;Y27;10;20um fibronectin discs;labview;100X;15.8;oil;0.875;0.9;3T3;optoRhoA;M450;4510;0;15;2.5_50;1.5s;False;3;500;436_200;23-04-25_M3;77846.767;;;;;;
_AJ;;23-04-25;M4;compressionsLowStart;Y27;10;20um fibronectin discs;labview;100X;15.8;oil;0.875;0.9;3T3;optoRhoA;M450;4510;0;15;2.5_50;1.5s;False;3;500;436_200;23-04-25_M4;77846.767;1;;3;300;global;3.3
_JV;Drugs. 3T3-Atcc-2023;23-04-26;M1;compressionsLowStart;ck666;50.0;20um fibronectin discs;labview;100X;15.8;oil;0.875;1.07;3T3;Atcc-2023;M450;4477;0;5;2.5_50;1.5s;False;3;500;436_200;23-04-26_M1;11097.696;;;;;;
_JV;Drugs. 3T3-Atcc-2023;23-04-26;M2;compressionsLowStart;dmso;0.0;20um fibronectin discs;labview;100X;15.8;oil;0.875;1.02;3T3;Atcc-2023;M450;4477;0;5;2.5_50;1.5s;False;3;500;436_200;23-04-26_M2;11097.696;;;;;;
_JV;Drugs. 3T3-Atcc-2023;23-04-26;M3;compressionsLowStart;ck666;100.0;20um fibronectin discs;labview;100X;15.8;oil;0.875;1.0;3T3;Atcc-2023;M450;4477;0;5;2.5_50;1.5s;False;3;500;436_200;23-04-26_M3;11097.696;;;;;;
_JV;Drugs. 3T3-Atcc-2023;23-04-28;M1;compressionsLowStart;dmso;0.0;20um fibronectin discs;labview;100X;15.8;oil;0.875;1.0;3T3;Atcc-2023;M450;4477;0;5;2.5_50;1.5s;False;3;500;436_200;23-04-28_M1;13665.169;;;;;;
_JV;Drugs. 3T3-Atcc-2023;23-04-28;M2;compressionsLowStart;ck666;100.0;20um fibronectin discs;labview;100X;15.8;oil;0.875;0.975;3T3;Atcc-2023;M450;4477;0;5;2.5_50;1.5s;False;3;500;436_200;23-04-28_M2;13665.169;;;;;;
_JV;Drugs. 3T3-Atcc-2023;23-04-28;M3;compressionsLowStart;ck666;50.0;20um fibronectin discs;labview;100X;15.8;oil;0.875;0.991;3T3;Atcc-2023;M450;4477;0;5;2.5_50;1.5s;False;3;500;436_200;23-04-28_M3;13665.169;;;;;;
_AJ;;23-05-10;M1;compressionsLowStart;none;0.0;20um fibronectin discs;labview;100X;15.8;oil;0.875;0.96;3T3;optoRhoA;M450;4510;0;15;2.5_50;1.5s;False;3;500;436_200;23-05-10_M1;5251.492;;;;;;
_AJ;;23-05-10;M2;compressionsLowStart;activation;0.0;20um fibronectin discs;labview;100X;15.8;oil;0.875;0.96;3T3;optoRhoA;M450;4510;0;15;2.5_50;1.5s;False;3;500;436_200;23-05-10_M2;5251.492;1;5;3;300;global;3.3
_AJ;;23-05-10;M3;compressionsLowStart;none;0.0;20um fibronectin discs;labview;100X;15.8;oil;0.875;0.93;3T3;optoRhoA;M450;4510;0;15;0.5_50;1.5s;False;3;500;436_200;23-05-10_M3;5251.492;;;;;;
_AJ;;23-05-10;M4;compressionsLowStart;activation;0.0;20um fibronectin discs;labview;100X;15.8;oil;0.875;0.93;3T3;optoRhoA;M450;4510;0;15;0.5_50;1.5s;False;3;500;436_200;23-05-10_M4;5251.492;1;;3;300;global;3.3
_AJ;;23-09-20;M1;compressionsLowStart;none;0.0;20um fibronectin discs;labview;100X;15.8;oil;0.875;1.0;dicty;dicty;M450;4503;0;5;3_40;1.5s;False;3;500;19_167;23-09-20_M1;;;;;;;
_AJ;;23-09-20;M2;compressionsLowStart;none;0.0;20um fibronectin discs;labview;100X;15.8;oil;0.875;1.0;dicty;dicty;M450;4503;0;5;3_40;1.5s;False;3;500;19_167;23-09-20_M2;;;;;;;
_AJ;;23-09-20;M3;compressionsLowStart;none;0.0;20um fibronectin discs;labview;100X;15.8;oil;0.875;1.0;dicty;dicty;M450;4503;0;5;3_40;1.5s;False;3;500;19_167;23-09-20_M3;;;;;;;
_JV;Test NewVI. 3T3-Atcc-2023;23-07-06;M1;compressionsRepeated;none;0.0;20um fibronectin discs;labview;100X;15.8;oil;0.875;1;3T3;Atcc-2023;M450;4477;0;5;2_50;1.5s;False;3;500;NA;Check B corr;;;;;;;
_JV;Test NewVI. 3T3-Atcc-2023;23-07-06;M2;compressionsRepeated;none;0.0;20um fibronectin discs;labview;100X;15.8;oil;0.875;1;3T3;Atcc-2023;M450;4477;0;5;2_50;1.5s;False;3;500;NA;Check B corr;;;;;;;
_JV;Test NewVI. 3T3-Atcc-2023;23-07-06;M3;compressionsRepeated;none;0.0;20um fibronectin discs;labview;100X;15.8;oil;0.875;1;3T3;Atcc-2023;M450;4477;0;5;2_50;1.5s;False;3;500;NA;Check B corr;;;;;;;
_JV;Test NewVI. 3T3-Atcc-2023;23-07-06;M4;compressionsRepeated;none;0.0;20um fibronectin discs;labview;100X;15.8;oil;0.875;1;3T3;Atcc-2023;M450;4477;0;5;2_50;1.5s;False;3;500;NA;Check B corr;;;;;;;
_JV;Test NewVI. 3T3-Atcc-2023;23-07-06;M5;compressionsRepeated;none;0.0;20um fibronectin discs;labview;100X;15.8;oil;0.875;1;3T3;Atcc-2023;M450;4477;0;5;2_50;1.5s;False;3;500;NA;Check B corr;;;;;;;
_JV;Test NewVI. 3T3-Atcc-2023;23-07-06;M6;compressionsLowStart;none;0.0;20um fibronectin discs;labview;100X;15.8;oil;0.875;1;3T3;Atcc-2023;M450;4477;0;5;2_50;1.5s;False;3;500;NA;Check B corr;;;;;;;
_JV;Test NewVI. 3T3-Atcc-2023;23-07-06;M7;compressionsLowStart;none;0.0;20um fibronectin discs;labview;100X;15.8;oil;0.875;1;3T3;Atcc-2023;M450;4477;0;10;2_50;1.5s;False;3;500;NA;Check B corr;;;;;;;
_JV;Test NewVI. 3T3-Atcc-2023;23-07-06;M8;compressionsLowStart;none;0.0;20um fibronectin discs;labview;100X;15.8;oil;0.875;1;3T3;Atcc-2023;M450;4477;0;15;2_50;1.5s;False;3;500;NA;Check B corr;;;;;;;
_JV;Drugs. 3T3-Atcc-2023;23-07-17;M1;compressionsLowStart;calyculinA;1.0;20um fibronectin discs;labview;100X;15.8;oil;0.875;1.015;3T3;Atcc-2023-LaGFP;M450;4477;0;5;2_50;1.5s;False;3;500;NA;;;;;;;;
_JV;Drugs. 3T3-Atcc-2023;23-07-17;M2;compressionsLowStart;calyculinA;0.5;20um fibronectin discs;labview;100X;15.8;oil;0.875;1.003;3T3;Atcc-2023-LaGFP;M450;4477;0;5;2_50;1.5s;False;3;500;NA;;;;;;;;
_JV;Drugs. 3T3-Atcc-2023;23-07-17;M3;compressionsLowStart;dmso;0.0;20um fibronectin discs;labview;100X;15.8;oil;0.875;1.008;3T3;Atcc-2023-LaGFP;M450;4477;0;5;2_50;1.5s;False;3;500;NA;;;;;;;;
_JV;Drugs. 3T3-Atcc-2023;23-07-17;M4;compressionsLowStart;none;0.0;20um fibronectin discs;labview;100X;15.8;oil;0.875;1.029;3T3;Atcc-2023-LaGFP;M450;4477;0;5;2_50;1.5s;False;3;500;NA;;;;;;;;
_JV;Drugs. 3T3-Atcc-2023;23-07-17;M5;compressionsLowStart;calyculinA;0.5;20um fibronectin discs;labview;100X;15.8;oil;0.875;1.029;3T3;Atcc-2023-LaGFP;M450;4477;0;5;2_50;1.5s;False;3;500;NA;;;;;;;;
_JV;Drugs. 3T3-Atcc-2023;23-07-17;M6;compressionsLowStart;none;0.0;20um fibronectin discs;labview;100X;15.8;oil;0.875;1.042;3T3;Atcc-2023-LaGFP;M450;4477;0;5;2_50;1.5s;False;3;500;NA;;;;;;;;
_JV;Drugs. 3T3-Atcc-2023;23-07-17;M7;compressionsLowStart;calyculinA;2.0;20um fibronectin discs;labview;100X;15.8;oil;0.875;1.042;3T3;Atcc-2023-LaGFP;M450;4477;0;5;2_50;1.5s;False;3;500;NA;;;;;;;;
_JV;Drugs. 3T3-Atcc-2023;23-07-20;M1;compressionsLowStart;calyculinA;2.0;20um fibronectin discs;labview;100X;15.8;oil;0.875;0.988;3T3;Atcc-2023-LaGFP;M450;4477;0;5;2_50;1.5s;False;3;500;NA;;;;;;;;
_JV;Drugs. 3T3-Atcc-2023;23-07-20;M2;compressionsLowStart;dmso;0.0;20um fibronectin discs;labview;100X;15.8;oil;0.875;1.01;3T3;Atcc-2023-LaGFP;M450;4477;0;5;2_50;1.5s;False;3;500;NA;;;;;;;;
_JV;Drugs. 3T3-Atcc-2023;23-07-20;M3;compressionsLowStart;calyculinA;1.0;20um fibronectin discs;labview;100X;15.8;oil;0.875;0.998;3T3;Atcc-2023-LaGFP;M450;4477;0;5;2_50;1.5s;False;3;500;NA	;;;;;;;;
